同僚	 緑:3 青:2 桃:2 紫:1 黒:1 灰:1 白:1
並立	 灰:4 白:3 緑:2 青:1 橙:1
魅力	 桃:4 紫:3 赤:2 橙:1 白:1
鉄鋼	 黒:5 灰:4 赤:2
学術	 白:3 青:2 黒:2 緑:2 紫:1 茶:1
建設	 灰:3 緑:2 紫:1 茶:1 黄:1 黒:1 桃:1 白:1
担保	 赤:3 紫:2 灰:2 青:1 橙:1 黄:1 白:1
得票	 赤:2 灰:2 白:2 緑:2 青:1 黄:1 黒:1
有権者	 赤:5 白:3 青:2 黄:1
管理	 青:3 赤:2 灰:2 紫:1 橙:1 白:1 緑:1
現状	 白:5 黒:3 青:1 灰:1 緑:1
蒸気	 白:8 灰:2 青:1
便	 茶:5 紫:1 青:1 赤:1 黄:1 灰:1 緑:1
リスト	 赤:2 黒:2 白:2 緑:2 茶:1 橙:1 灰:1
座長	 赤:6 黄:2 紫:1 黒:1 桃:1
凍結	 青:5 白:2 赤:1 桃:1 黒:1 緑:1
カネ	 黄:9 橙:1 灰:1
変更	 赤:4 橙:2 黄:2 茶:1 灰:1 桃:1
減少	 青:5 赤:2 黄:2 灰:2
もの	 白:6 茶:2 橙:1 黒:1 緑:1
意外	 赤:3 青:2 黄:2 緑:2 紫:1 桃:1
課題	 茶:3 黒:3 白:3 青:1 赤:1
整理	 白:5 青:2 橙:1 茶:1 黒:1 緑:1
衝突	 赤:9 黄:1 黒:1
重み	 黒:7 青:2 灰:2
閣僚	 黒:4 橙:2 灰:2 紫:1 赤:1 茶:1
幅	 青:3 灰:3 赤:1 茶:1 黄:1 白:1 緑:1
ＦＷ	 青:5 赤:2 橙:1 黄:1 黒:1 緑:1
音	 青:3 橙:2 赤:1 桃:1 緑:1 茶:1 灰:1 白:1
クリスマス	 赤:4 緑:4 白:3
登録	 橙:2 黒:2 紫:1 赤:1 緑:1 青:1 茶:1 黄:1 白:1
植物	 緑:10 白:1
必要	 青:3 赤:2 緑:2 紫:1 橙:1 黒:1 白:1
先端	 白:3 赤:2 黒:2 青:1 黄:1 桃:1 緑:1
プレゼント	 桃:4 赤:3 白:2 黄:1 緑:1
赤ちゃん	 桃:5 赤:3 白:2 黄:1
奥	 黒:5 灰:4 紫:1 赤:1
決定	 青:3 赤:3 白:3 黄:1 桃:1
燃料	 赤:6 灰:2 橙:1 茶:1 黒:1
総体	 橙:2 白:2 緑:2 青:1 茶:1 赤:1 黄:1 黒:1
協議	 灰:4 紫:2 橙:1 赤:1 黄:1 黒:1 白:1
封鎖	 黒:5 赤:2 灰:2 茶:1 黄:1
投資	 灰:3 赤:2 黄:2 青:1 紫:1 白:1 緑:1
小説	 白:4 青:2 茶:2 黒:2 灰:1
労組	 黒:3 赤:2 灰:2 青:1 紫:1 橙:1 緑:1
拠点	 赤:4 黒:3 青:2 紫:1 茶:1
危機	 赤:7 黄:2 灰:1 黒:1
帰国	 青:5 白:2 赤:1 黒:1 灰:1 緑:1
値段	 赤:3 黄:3 青:1 橙:1 黒:1 灰:1 緑:1
強調	 赤:6 黄:2 青:1 紫:1 黒:1
一環	 白:3 青:2 黒:2 紫:1 橙:1 黄:1 灰:1
生死	 灰:5 黒:2 白:2 青:1 赤:1
半島	 緑:6 茶:2 赤:1 灰:1 黒:1
ボックス	 青:4 黒:3 白:2 茶:1 灰:1
いかだ	 茶:6 橙:2 灰:1 白:1 緑:1
電子	 黄:5 白:3 青:1 灰:1 黒:1
展	 黄:2 灰:2 白:2 緑:1 青:1 茶:1 橙:1 黒:1
実	 茶:3 桃:3 紫:1 赤:1 黄:1 白:1 緑:1
追加	 赤:6 青:2 黄:1 白:1 緑:1
出勤	 青:4 赤:2 橙:1 黄:1 灰:1 黒:1 白:1
合計	 赤:3 黄:2 灰:2 黒:2 茶:1 白:1
売買	 青:4 赤:2 桃:2 黄:1 黒:1 緑:1
嫌い	 黒:4 灰:3 紫:2 赤:2
券	 茶:5 黒:2 青:1 赤:1 黄:1 緑:1
タイプ	 青:2 黄:2 白:2 紫:1 赤:1 橙:1 灰:1 黒:1
節	 緑:3 茶:2 桃:2 黒:2 橙:1 赤:1
骨髄	 白:7 灰:2 茶:1 黄:1
役場	 灰:3 茶:2 白:2 青:1 桃:1 黒:1 緑:1
造船	 灰:4 白:2 紫:1 青:1 茶:1 黒:1 緑:1
公共	 白:5 黄:2 緑:2 青:1 橙:1
天才	 黄:5 赤:2 紫:1 橙:1 灰:1 白:1
組織	 黒:3 灰:3 紫:1 橙:1 桃:1 白:1 緑:1
波	 青:7 白:3 灰:1
飲食	 白:3 茶:2 桃:2 青:1 橙:1 灰:1 緑:1
独自	 黒:3 紫:2 青:1 橙:1 黄:1 桃:1 白:1 緑:1
無数	 黒:3 白:3 赤:2 青:1 桃:1 緑:1
スピード	 赤:6 青:3 桃:1 緑:1
閉鎖	 黒:5 灰:3 黄:2 紫:1
献金	 灰:3 黄:2 紫:1 青:1 桃:1 黒:1 白:1 緑:1
先行	 青:4 白:4 茶:1 赤:1 黄:1
選出	 青:5 紫:1 赤:1 茶:1 黒:1 桃:1 緑:1
ブティック	 茶:4 紫:2 桃:2 橙:1 黒:1 白:1
有利	 赤:3 青:2 紫:2 橙:1 黄:1 白:1 緑:1
背景	 青:4 白:2 緑:2 紫:1 橙:1 黄:1
往復	 緑:3 茶:2 白:2 紫:1 赤:1 黄:1 黒:1
アメリカズ	 赤:5 青:4 黒:1 白:1
合同	 青:3 緑:3 紫:1 茶:1 灰:1 黒:1 白:1
レコード	 黒:7 橙:2 青:1 白:1
文明	 茶:6 黄:2 紫:1 赤:1 緑:1
闘志	 赤:7 青:2 橙:1 黄:1
時計回り	 白:5 黒:3 青:1 黄:1 緑:1
ベスト	 青:2 白:2 紫:1 赤:1 桃:1 緑:1 茶:1 灰:1 黒:1
バンク	 灰:3 白:3 黄:2 赤:1 桃:1 黒:1
首相	 黒:5 青:2 白:2 茶:1 灰:1
出発	 青:4 白:3 赤:2 橙:1 黄:1
界	 黒:4 青:2 桃:2 灰:1 白:1 緑:1
開始	 赤:3 緑:3 橙:2 白:2 黄:1
重油	 黒:8 灰:2 茶:1
会員	 赤:4 青:3 茶:1 黄:1 黒:1 白:1
原価	 青:2 赤:2 茶:2 白:2 橙:1 桃:1 緑:1
違反	 赤:8 紫:1 橙:1 黒:1
訪問	 青:3 黄:2 黒:2 紫:1 赤:1 橙:1 緑:1
チャンス	 赤:5 黄:3 橙:1 白:1 緑:1
基地	 灰:5 緑:3 茶:1 黒:1 白:1
初代	 白:10 紫:1
容易	 青:4 白:2 緑:2 紫:1 黄:1 桃:1
実態	 白:3 黒:2 紫:1 桃:1 橙:1 茶:1 黄:1 灰:1
動員	 赤:4 黒:4 白:2 青:1
踊り	 赤:5 桃:3 黄:1 白:1 緑:1
職場	 灰:4 茶:2 白:2 青:1 黒:1 緑:1
余裕	 白:4 赤:3 黄:2 黒:1 桃:1
主演	 橙:3 白:3 赤:2 青:1 紫:1 灰:1
契約	 紫:2 白:2 桃:1 緑:1 青:1 茶:1 黄:1 灰:1 黒:1
立ち合い	 青:2 赤:2 黒:2 橙:1 黄:1 灰:1 白:1 緑:1
議長	 黒:4 紫:2 茶:2 赤:1 灰:1 白:1
交付	 白:3 青:2 紫:1 赤:1 緑:1 茶:1 黄:1 黒:1
解放	 白:6 緑:2 青:1 赤:1 黄:1
既婚	 桃:3 白:2 緑:2 青:1 紫:1 茶:1 黒:1
独立	 青:3 白:3 紫:1 赤:1 黄:1 灰:1 緑:1
芸	 茶:3 紫:2 橙:2 緑:2 赤:1 桃:1
完成	 赤:3 白:3 青:2 緑:2 黄:1
対照	 橙:4 灰:2 紫:1 茶:1 赤:1 黒:1 白:1
宝飾	 白:3 青:2 赤:2 黄:2 紫:1 橙:1
受講	 青:3 茶:3 橙:2 黄:1 灰:1 緑:1
アルバム	 茶:4 赤:3 橙:1 桃:1 黒:1 白:1
困難	 黒:4 赤:3 灰:3 紫:1
東北	 青:4 白:3 灰:2 茶:1 黒:1
豊富	 緑:3 橙:2 赤:1 青:1 茶:1 黄:1 黒:1 白:1
閣議	 茶:3 黒:3 紫:2 黄:2 赤:1
年賀	 赤:5 白:5 橙:1
生産	 青:2 橙:2 黄:2 赤:1 桃:1 緑:1 灰:1 白:1
テンポ	 黄:3 赤:2 橙:2 白:2 紫:1 緑:1
白紙	 白:8 紫:1 茶:1 灰:1
騒ぎ	 黄:4 赤:2 灰:2 紫:1 青:1 黒:1
シティ	 青:4 灰:3 白:2 紫:1 橙:1
足	 白:4 橙:2 灰:2 紫:1 茶:1 緑:1
麻薬	 灰:5 白:2 紫:1 橙:1 赤:1 黒:1
当たり前	 赤:3 白:3 青:2 黄:1 黒:1 緑:1
国防	 赤:3 黒:3 青:1 茶:1 灰:1 白:1 緑:1
交渉	 灰:4 青:2 白:2 黄:1 黒:1 緑:1
犯罪	 黒:6 赤:2 灰:2 黄:1
ジハード	 灰:4 黒:3 白:2 青:1 緑:1
年頭	 白:7 黄:2 黒:1 灰:1
バランス	 緑:2 灰:2 白:2 赤:1 桃:1 青:1 橙:1 黄:1
取り調べ	 灰:5 黒:2 赤:1 茶:1 白:1 緑:1
供与	 青:3 黄:2 黒:2 灰:2 橙:1 茶:1
出版	 緑:4 黒:3 白:3 灰:1
情報	 青:6 白:3 灰:1 緑:1
集計	 赤:3 黒:3 白:2 茶:1 黄:1 緑:1
遠隔	 青:3 黄:2 白:2 紫:1 灰:1 黒:1 桃:1
配管	 灰:7 茶:3 黄:1
市場	 青:6 桃:2 白:2 黄:1
大衆	 黒:2 白:2 緑:2 青:1 橙:1 茶:1 黄:1 灰:1
件数	 黒:3 緑:3 茶:2 青:1 桃:1 灰:1
史	 白:5 黒:3 茶:2 青:1
駐留	 灰:3 黒:3 青:1 茶:1 赤:1 黄:1 白:1
課長	 青:3 黒:3 紫:1 橙:1 茶:1 灰:1 緑:1
うち	 茶:2 黒:2 白:2 紫:1 赤:1 桃:1 黄:1 灰:1
警備	 青:3 黒:3 桃:2 橙:1 赤:1 茶:1
庁	 白:5 灰:2 青:1 赤:1 茶:1 黒:1
腐敗	 茶:4 灰:3 黒:2 青:1 赤:1
サオ	 茶:3 黒:3 青:2 橙:1 桃:1 白:1
イノシシ	 茶:9 赤:1 灰:1
男子	 青:5 黒:5 赤:1
"ソフト"	 白:9 茶:1 桃:1
歴史	 茶:3 橙:2 黄:2 紫:1 赤:1 灰:1 緑:1
修習	 青:4 白:2 緑:2 紫:1 橙:1 赤:1
暫定	 緑:3 黄:2 灰:2 白:2 橙:1 赤:1
記事	 黒:3 青:2 茶:2 白:2 紫:1 緑:1
遭難	 黒:3 赤:2 紫:1 青:1 茶:1 黄:1 灰:1 白:1
曲	 黄:3 桃:3 白:2 青:1 赤:1 黒:1
扱い	 灰:3 橙:2 白:2 青:1 茶:1 黒:1 桃:1
特色	 赤:3 黄:2 桃:2 緑:2 黒:1 白:1
民営	 青:4 黄:2 緑:2 紫:1 茶:1 白:1
直行	 青:3 緑:3 黒:2 茶:1 赤:1 白:1
記載	 黒:4 緑:4 白:3
証言	 黒:3 白:3 青:1 紫:1 橙:1 黄:1 灰:1
演劇	 茶:3 赤:3 黄:2 緑:2 橙:1
採用	 白:5 青:2 赤:1 黄:1 黒:1 緑:1
連発	 赤:6 青:1 橙:1 黄:1 桃:1 白:1
付近	 橙:3 青:2 黒:2 白:2 黄:1 灰:1
やり	 灰:5 茶:3 橙:1 黒:1 桃:1
入手	 赤:5 白:2 緑:2 青:1 桃:1
患者	 白:5 灰:3 黄:1 黒:1 緑:1
実情	 青:2 茶:2 紫:1 赤:1 緑:1 橙:1 黒:1 灰:1 白:1
対立	 赤:4 黄:2 黒:2 橙:1 灰:1 白:1
内部	 灰:4 黒:2 白:2 青:1 赤:1 黄:1
身長	 灰:3 青:2 黒:2 橙:1 黄:1 桃:1 白:1
庭園	 緑:11
要請	 赤:3 紫:2 黄:2 黒:2 白:1 緑:1
専務	 茶:3 灰:2 緑:2 青:1 紫:1 黄:1 白:1
ホール	 白:4 黒:3 茶:2 紫:1 橙:1
辺り	 緑:5 茶:3 青:1 橙:1 白:1
前進	 青:5 灰:2 赤:1 橙:1 黄:1 黒:1
新党	 白:4 青:2 灰:2 緑:2 黒:1
運航	 青:6 緑:2 紫:1 赤:1 白:1
創業	 青:3 黒:3 白:3 赤:1 緑:1
上手	 橙:3 茶:2 白:2 緑:2 青:1 黒:1
担当	 白:3 青:2 橙:2 赤:1 茶:1 灰:1 緑:1
供給	 橙:3 緑:3 黄:2 白:2 茶:1
業	 赤:3 黒:3 紫:2 青:1 茶:1 緑:1
殺害	 赤:5 黒:4 青:1 黄:1
次長	 橙:3 灰:2 黒:2 緑:2 青:1 茶:1
商工	 茶:3 灰:2 黒:2 白:2 橙:1 黄:1
東西	 黄:3 緑:3 白:2 青:1 茶:1 橙:1
無理	 灰:4 赤:3 黄:2 黒:2
憂慮	 橙:2 黄:2 灰:2 紫:1 桃:1 青:1 茶:1 黒:1
金	 黄:10 白:1
周囲	 白:3 茶:2 赤:2 緑:2 黄:1 黒:1
多彩	 橙:3 赤:2 桃:2 青:1 紫:1 黄:1 白:1
にぎわい	 桃:4 黄:3 赤:2 橙:2
使用	 白:3 青:2 黄:2 赤:1 茶:1 灰:1 緑:1
笠雲	 白:5 灰:4 緑:2
華やか	 桃:4 赤:3 紫:1 茶:1 橙:1 黄:1
会社	 灰:4 青:2 黒:2 茶:1 白:1 緑:1
イベント	 赤:2 橙:2 黄:2 青:1 桃:1 黒:1 白:1 緑:1
まとめ	 赤:3 黒:2 緑:2 紫:1 青:1 橙:1 白:1
延期	 黄:4 灰:2 橙:1 桃:1 黒:1 白:1 緑:1
攻撃	 赤:8 青:1 灰:1 黒:1
乗用車	 白:5 黒:4 赤:1 緑:1
公約	 緑:3 灰:2 白:2 青:1 赤:1 黄:1 黒:1
世話	 白:3 橙:2 茶:2 黒:2 桃:2
監視	 黒:3 青:2 赤:2 橙:1 茶:1 黄:1 灰:1
形	 黒:3 青:2 茶:2 紫:1 灰:1 白:1 緑:1
入山	 緑:4 茶:3 青:1 赤:1 黒:1 白:1
強風	 青:3 赤:3 黒:3 紫:1 白:1
本社	 白:5 灰:2 青:1 紫:1 茶:1 緑:1
値	 赤:5 黒:4 青:1 紫:1
大差	 赤:4 青:2 灰:2 紫:1 茶:1 白:1
土地	 茶:10 白:1
前提	 黒:3 赤:2 白:2 青:1 茶:1 桃:1 灰:1
けいこ	 茶:3 紫:2 黄:2 赤:1 灰:1 桃:1 白:1
入札	 赤:3 黄:2 黒:2 白:2 青:1 緑:1
発信	 青:3 白:3 赤:2 黄:1 灰:1 桃:1
タイトル	 黄:3 橙:2 桃:2 青:1 灰:1 黒:1 白:1
連合	 青:3 黒:3 紫:2 緑:2 赤:1
塾	 灰:4 青:3 黄:2 茶:1 橙:1
サッカー	 白:5 緑:4 青:2
知名度	 橙:2 白:2 紫:1 赤:1 桃:1 緑:1 黄:1 黒:1 灰:1
役員	 黒:3 青:2 灰:2 赤:1 茶:1 白:1 緑:1
コーチ	 赤:3 黄:2 黒:2 紫:1 青:1 灰:1 白:1
発見	 黄:3 茶:2 青:1 赤:1 橙:1 桃:1 白:1 緑:1
救命	 白:5 赤:4 黄:1 緑:1
余震	 灰:6 茶:2 橙:1 白:1 緑:1
五輪	 黄:4 赤:3 緑:2 橙:1 白:1
駐車	 灰:2 黒:2 白:2 青:1 赤:1 橙:1 黄:1 緑:1
登頂	 白:3 緑:2 紫:1 赤:1 青:1 茶:1 橙:1 灰:1
統治	 青:3 黒:3 緑:2 橙:1 灰:1 白:1
首都	 赤:7 青:2 灰:1 白:1
同盟	 灰:4 青:2 白:2 赤:1 黄:1 緑:1
直径	 黄:3 白:3 青:1 橙:1 赤:1 茶:1 黒:1
"表示"	 黄:4 赤:2 白:2 青:1 橙:1 黒:1
反発	 赤:4 黒:2 灰:2 紫:1 橙:1 黄:1
話し合い	 灰:3 白:3 黒:2 赤:1 茶:1 緑:1
ＢＳ	 黒:3 茶:2 灰:2 緑:2 青:1 橙:1
並み	 緑:2 黄:2 黒:2 紫:1 赤:1 青:1 橙:1 白:1
故障	 赤:3 灰:3 茶:2 黄:1 白:1 緑:1
兵力	 赤:4 黒:2 灰:2 茶:1 黄:1 緑:1
国立	 白:4 緑:3 黄:2 茶:1 黒:1
トップ	 赤:6 白:3 青:1 黄:1
覇者	 青:2 赤:2 黄:2 黒:2 紫:1 白:1 緑:1
最初	 白:6 緑:2 紫:1 青:1 赤:1
トマト	 赤:10 茶:1
一緒	 緑:4 桃:3 紫:1 茶:1 黄:1 白:1
見学	 橙:2 黄:2 黒:2 白:2 青:1 赤:1 緑:1
大幅	 赤:3 青:2 白:2 茶:1 黄:1 灰:1 緑:1
官	 紫:3 灰:3 青:1 茶:1 黄:1 黒:1 白:1
犠牲	 赤:4 黒:2 紫:1 橙:1 黄:1 白:1 緑:1
対	 赤:6 青:2 黄:2 白:1
公正	 白:6 赤:2 黄:1 黒:1 桃:1
周年	 赤:4 青:3 白:2 茶:1 黒:1
幼稚園	 黄:4 桃:3 灰:2 白:1 緑:1
家族	 橙:5 黄:2 緑:2 赤:1 黒:1
進水	 青:9 黄:1 緑:1
恐れ	 黒:3 青:2 赤:2 黄:2 茶:1 灰:1
削減	 黒:3 赤:2 灰:2 青:1 茶:1 桃:1 緑:1
会合	 灰:3 黒:3 青:2 茶:1 赤:1 白:1
携帯	 青:3 黒:2 灰:2 白:2 赤:1 茶:1
"申請"	 緑:3 青:2 白:2 紫:1 茶:1 黒:1 桃:1
いずれ	 茶:4 灰:2 青:1 赤:1 黄:1 黒:1 緑:1
優秀	 青:3 赤:2 緑:2 紫:1 橙:1 灰:1 白:1
お年玉	 赤:2 黄:2 桃:2 白:2 紫:1 茶:1 緑:1
道	 灰:4 茶:3 白:2 緑:2
繊維	 白:9 青:1 緑:1
柱	 茶:6 黒:2 赤:1 白:1 緑:1
生物	 緑:3 茶:2 黄:2 橙:1 赤:1 桃:1 灰:1
無職	 白:6 灰:3 黒:2
共通	 緑:3 青:2 橙:2 黄:2 赤:1 黒:1
時計	 白:6 黒:2 茶:1 橙:1 灰:1
高	 赤:3 青:2 黄:2 白:2 紫:1 橙:1
証	 白:3 橙:2 黄:2 黒:2 茶:1 赤:1
スーパー	 黄:5 白:3 赤:2 緑:1
選挙	 白:3 灰:2 黒:2 青:1 茶:1 橙:1 黄:1
弟子	 青:5 茶:2 黒:2 橙:1 緑:1
不全	 黒:3 白:3 赤:2 茶:1 灰:1 緑:1
郵政	 赤:6 緑:3 橙:1 白:1
通	 青:4 黒:2 緑:2 紫:1 黄:1 灰:1
イデオロギー	 灰:3 紫:2 赤:2 白:2 黄:1 緑:1
成果	 青:4 赤:2 橙:1 黄:1 桃:1 白:1 緑:1
終結	 黒:6 灰:2 白:2 黄:1
崩壊	 赤:4 黒:3 灰:2 紫:1 緑:1
親方	 黒:4 赤:2 橙:2 茶:1 黄:1 白:1
残念	 黒:3 灰:3 青:2 紫:2 橙:1
得点	 青:3 赤:3 黒:2 橙:1 黄:1 白:1
化学	 白:3 紫:2 赤:1 桃:1 青:1 橙:1 黄:1 灰:1
いっぱい	 赤:5 黄:3 桃:2 紫:1
アイスホッケー	 白:9 青:1 灰:1
党首	 白:3 黒:2 紫:1 青:1 茶:1 赤:1 黄:1 緑:1
敗戦	 灰:5 黒:3 白:3
資金	 黄:5 青:2 紫:1 赤:1 黒:1 白:1
価格	 黄:4 赤:3 黒:2 白:1 緑:1
ニュース	 青:4 黒:3 灰:2 橙:1 赤:1
王座	 紫:3 赤:3 橙:1 茶:1 黄:1 桃:1 白:1
存在	 赤:3 白:2 緑:2 紫:1 青:1 灰:1 黒:1
大橋	 灰:3 赤:2 白:2 青:1 紫:1 黄:1 黒:1
疑問	 灰:4 橙:2 青:1 紫:1 赤:1 黄:1 白:1
遊び	 桃:4 青:2 赤:2 橙:1 黒:1 緑:1
課	 黒:4 青:3 白:2 茶:1 緑:1
大使	 黒:2 灰:2 白:2 緑:2 紫:1 青:1 茶:1
長	 緑:3 白:2 青:1 茶:1 赤:1 黄:1 黒:1 灰:1
急	 赤:6 青:3 橙:1 黄:1
光	 黄:7 白:3 橙:1
生徒	 白:4 桃:1 緑:1 青:1 茶:1 橙:1 黄:1 黒:1
火災	 赤:9 橙:1 灰:1
最高	 赤:5 紫:2 桃:2 青:1 白:1
防護	 青:3 黒:3 茶:2 橙:1 灰:1 緑:1
水道	 青:7 白:2 黒:1 桃:1
認識	 青:4 白:2 緑:2 赤:1 黄:1 灰:1
女	 赤:5 桃:3 黄:2 茶:1
人件	 橙:3 黒:3 赤:1 茶:1 灰:1 桃:1 白:1
好き	 桃:5 赤:2 青:1 橙:1 白:1 緑:1
持ち株	 茶:2 黄:2 緑:2 青:1 橙:1 赤:1 灰:1 白:1
ポスト	 赤:11
運輸	 青:6 灰:2 茶:1 黒:1 白:1
円	 黄:3 橙:2 紫:1 緑:1 茶:1 灰:1 黒:1 白:1
枠組み	 黒:4 白:3 黄:2 緑:2
会館	 茶:4 灰:3 紫:1 青:1 桃:1 緑:1
明確	 赤:5 白:3 青:2 緑:1
取引	 茶:2 灰:2 紫:1 赤:1 緑:1 青:1 黄:1 黒:1 白:1
店頭	 黄:7 赤:3 白:1
距離	 青:4 茶:2 黒:2 白:2 緑:1
双方	 橙:2 灰:2 白:2 緑:2 青:1 赤:1 黄:1
ホープ	 青:3 白:3 赤:2 橙:1 黄:1 緑:1
賛成	 青:4 緑:4 赤:2 白:1
側	 緑:3 青:2 橙:2 灰:2 茶:1 黒:1
ストライプス	 青:3 白:3 紫:1 橙:1 黒:1 桃:1 緑:1
脅威	 赤:4 紫:2 黄:2 黒:2 橙:1
アカデミー	 赤:7 茶:2 橙:1 黒:1
計算	 緑:3 黒:2 白:2 青:1 紫:1 黄:1 灰:1
震度	 黒:3 灰:3 茶:2 赤:2 紫:1
出張	 黄:3 灰:2 白:2 青:1 紫:1 茶:1 黒:1
投棄	 灰:5 黒:4 赤:2
世間	 灰:5 黒:2 紫:1 青:1 茶:1 白:1
人	 白:4 黄:2 青:1 茶:1 橙:1 灰:1 黒:1
画像	 青:5 黒:2 白:2 灰:1 緑:1
比例	 茶:2 白:2 緑:2 青:1 橙:1 赤:1 黄:1 灰:1
家元	 黒:5 緑:2 青:1 茶:1 黄:1 白:1
適合	 青:2 赤:2 橙:2 白:2 茶:1 灰:1 桃:1
ゲーム	 黒:3 青:2 白:2 紫:1 赤:1 黄:1 灰:1
自身	 白:4 緑:2 紫:1 橙:1 赤:1 茶:1 黄:1
看護	 白:6 桃:4 灰:1
不定	 灰:7 紫:1 青:1 橙:1 黄:1
非合法	 灰:4 黒:3 紫:2 黄:1 緑:1
引退	 灰:3 青:2 白:2 紫:1 赤:1 黒:1 緑:1
空き缶	 灰:6 青:1 茶:1 橙:1 黒:1 白:1
業績	 黒:3 青:2 黄:2 緑:2 紫:1 赤:1
改革	 赤:6 青:1 黄:1 灰:1 白:1 緑:1
自社	 白:4 黄:2 黒:2 青:1 茶:1 灰:1
出場	 青:3 白:3 黒:2 茶:1 赤:1 黄:1
国技	 茶:3 青:2 橙:2 白:2 黄:1 緑:1
スキッパー	 黄:5 白:2 青:1 赤:1 橙:1 緑:1
殺人	 黒:6 赤:4 灰:1
残り	 白:3 黄:2 灰:2 青:1 紫:1 赤:1 緑:1
宅	 白:3 青:2 茶:2 灰:2 黄:1 緑:1
コメント	 白:3 紫:2 桃:1 緑:1 青:1 橙:1 灰:1 黒:1
座席	 青:4 灰:2 白:2 緑:2 茶:1
探検	 青:4 茶:4 緑:2 黄:1
勢力	 赤:4 茶:3 青:1 黄:1 桃:1 黒:1
楽しみ	 橙:4 黄:2 桃:2 青:1 黒:1 白:1
中盤	 黄:5 灰:2 橙:1 赤:1 白:1 緑:1
初	 白:7 赤:1 茶:1 桃:1 緑:1
遺族	 黒:3 緑:3 紫:2 灰:2 赤:1
普通	 白:6 青:2 橙:1 灰:1 緑:1
北上	 青:3 白:3 桃:2 茶:1 灰:1 黒:1
横ばい	 黄:4 白:2 緑:2 橙:1 赤:1 灰:1
手帳	 黒:5 茶:2 白:2 黄:1 灰:1
特集	 赤:4 黄:3 青:1 橙:1 桃:1 白:1
人数	 青:3 黄:3 黒:3 白:1 緑:1
調べ	 茶:2 黄:2 桃:1 緑:1 青:1 橙:1 黒:1 灰:1 白:1
周辺	 緑:5 青:2 黄:2 茶:1 灰:1
天気	 青:5 橙:2 白:2 紫:1 黄:1
出費	 赤:8 青:1 橙:1 灰:1
リフト	 白:3 紫:2 黄:2 茶:1 灰:1 黒:1 緑:1
市域	 茶:2 灰:2 白:2 緑:2 青:1 黄:1 桃:1
当面	 灰:3 橙:2 桃:1 緑:1 青:1 茶:1 黒:1 白:1
届	 白:6 青:1 茶:1 橙:1 黄:1 緑:1
いたずら	 黄:4 橙:2 青:1 茶:1 赤:1 黒:1 桃:1
土俵	 茶:9 紫:1 灰:1
選	 灰:2 桃:2 緑:2 青:1 紫:1 赤:1 黄:1 白:1
増加	 赤:7 紫:1 茶:1 橙:1 黄:1
購入	 緑:2 青:2 黄:2 紫:1 赤:1 桃:1 橙:1 灰:1
明るみ	 白:4 赤:2 橙:2 紫:1 黄:1 桃:1
等	 灰:3 白:3 緑:2 橙:1 茶:1 黄:1
班	 白:3 青:2 橙:2 黒:2 茶:1 灰:1
就任	 白:5 黄:2 青:1 赤:1 黒:1 灰:1
義務	 緑:4 黒:3 灰:2 青:1 黄:1
観客	 黄:3 灰:2 青:1 橙:1 赤:1 黒:1 白:1 緑:1
上	 白:3 青:2 赤:2 黒:2 紫:1 黄:1
"可能"	 青:5 黄:3 赤:1 橙:1 桃:1
先生	 茶:3 青:2 白:2 紫:1 灰:1 黒:1 緑:1
出席	 青:2 赤:2 黄:2 白:2 紫:1 橙:1 黒:1
個別	 黒:3 青:2 白:2 紫:1 橙:1 赤:1 灰:1
少年	 青:8 白:2 緑:1
改善	 白:4 赤:2 緑:2 青:1 橙:1 灰:1
"予測"	 黄:3 青:2 白:2 紫:1 茶:1 赤:1 桃:1
同村	 茶:4 緑:4 黄:2 灰:1
死体	 黒:5 灰:4 青:1 橙:1
歌舞伎	 赤:4 白:3 紫:2 緑:2
同期	 青:4 黒:2 白:2 緑:2 茶:1
講演	 白:3 茶:2 橙:2 青:1 紫:1 赤:1 緑:1
船員	 青:5 白:3 紫:1 桃:1 黒:1
合意	 赤:4 青:2 緑:2 橙:1 黒:1 白:1
理論	 青:4 紫:2 白:2 橙:1 灰:1 緑:1
廃刊	 灰:8 青:1 赤:1 橙:1
説得	 白:4 赤:3 青:2 橙:1 灰:1
本館	 青:2 灰:2 黒:2 白:2 茶:1 赤:1 緑:1
国家	 黒:3 茶:2 赤:1 緑:1 青:1 橙:1 灰:1 白:1
川	 青:7 桃:2 橙:1 黒:1
創立	 白:4 黒:3 緑:2 黄:1 灰:1
団	 白:3 赤:2 紫:1 青:1 橙:1 茶:1 灰:1 黒:1
提供	 青:3 白:2 緑:2 紫:1 橙:1 茶:1 桃:1
官僚	 黒:5 灰:3 紫:2 赤:1
タックル	 赤:6 黄:2 紫:1 橙:1 白:1
実業	 青:3 黒:2 白:2 紫:1 茶:1 赤:1 緑:1
海外	 青:5 黄:2 茶:1 黒:1 桃:1 緑:1
給水	 青:8 白:3
公	 緑:4 白:3 青:1 茶:1 黄:1 灰:1
農	 緑:9 赤:1 茶:1
和解	 青:3 緑:3 黄:2 黒:2 白:1
陣営	 青:2 黄:2 黒:2 紫:1 赤:1 緑:1 橙:1 白:1
旧	 黒:3 黄:2 灰:2 紫:1 青:1 茶:1 橙:1
後継	 青:3 黄:3 緑:3 紫:1 赤:1
苦手	 黒:3 紫:2 赤:2 青:1 黄:1 灰:1 桃:1
即時	 青:2 黄:2 白:2 橙:1 赤:1 茶:1 黒:1 緑:1
電話	 黒:7 青:2 紫:1 桃:1
立候補	 青:4 黄:3 赤:2 黒:1 白:1
着物	 紫:4 桃:4 赤:2 白:1
所属	 青:3 黒:2 灰:2 茶:1 赤:1 橙:1 白:1
応援	 赤:4 黄:3 橙:2 白:2
横綱	 紫:3 茶:3 黄:2 橙:1 赤:1 黒:1
活発	 赤:8 黄:2 橙:1
島	 緑:7 茶:4
ドル	 黄:3 黒:3 紫:1 青:1 橙:1 灰:1 緑:1
提起	 赤:4 青:3 黄:1 黒:1 灰:1 白:1
分野	 黄:2 紫:1 赤:1 緑:1 青:1 橙:1 茶:1 黒:1 灰:1 白:1
素材	 青:2 茶:2 白:2 紫:1 橙:1 黄:1 灰:1 緑:1
ショップ	 白:4 橙:2 黄:2 青:1 赤:1 桃:1
品	 白:5 紫:3 赤:1 灰:1 緑:1
民間	 白:4 赤:2 黒:2 青:1 橙:1 緑:1
金利	 黄:8 橙:1 黒:1 灰:1
郊外	 緑:7 茶:2 灰:2
頭	 黒:5 白:2 緑:2 黄:1 灰:1
帰省	 緑:6 白:3 茶:1 黄:1
可決	 青:3 赤:2 灰:2 白:2 黄:1 黒:1
死	 黒:5 灰:3 紫:1 赤:1 白:1
流動	 青:4 白:3 赤:1 茶:1 灰:1 黒:1
本命	 赤:9 茶:1 緑:1
声	 白:3 青:2 赤:2 橙:1 黄:1 桃:1 緑:1
主任	 茶:3 赤:3 青:2 橙:1 黒:1 緑:1
海	 青:11
許認可	 青:3 白:3 黄:2 赤:1 灰:1 緑:1
対決	 赤:5 黒:2 紫:1 橙:1 灰:1 白:1
レース	 白:4 灰:3 青:2 赤:1 黄:1
投下	 赤:4 黒:2 灰:2 青:1 黄:1 緑:1
仲間	 橙:4 緑:3 青:2 黄:2
理念	 青:3 黒:2 白:2 緑:2 赤:1 黄:1
ポイント	 黄:4 赤:3 橙:2 白:1 緑:1
当然	 白:4 赤:2 黄:2 青:1 黒:1 緑:1
供託	 青:3 茶:2 灰:2 白:2 橙:1 黄:1
血液	 赤:11
蹴鞠	 紫:3 橙:2 白:2 茶:1 灰:1 桃:1 黒:1
あいさつ	 青:2 橙:2 黄:2 赤:1 桃:1 緑:1 黒:1 白:1
要因	 紫:2 赤:2 灰:2 黒:2 白:2 緑:1
両者	 黄:3 橙:2 紫:1 桃:1 青:1 黒:1 灰:1 白:1
憲法	 紫:2 茶:2 黒:2 緑:1 青:1 橙:1 黄:1 灰:1
ほか	 灰:3 茶:2 緑:2 青:1 紫:1 黄:1 白:1
マイナス	 赤:5 青:4 黒:1 白:1
"構想"	 白:3 青:2 紫:2 灰:2 緑:2
特徴	 赤:4 緑:2 茶:1 橙:1 黄:1 桃:1 白:1
キーワード	 赤:4 黄:4 青:1 桃:1 白:1
水面	 青:10 茶:1
元気	 黄:4 橙:3 赤:2 緑:2
権	 赤:3 黒:3 青:2 紫:1 灰:1 緑:1
安心	 白:4 緑:2 青:1 赤:1 橙:1 黄:1 桃:1
両親	 白:6 赤:3 青:1 緑:1
遂行	 黒:4 白:2 紫:1 橙:1 灰:1 桃:1 緑:1
Ｕターン	 黄:5 灰:2 青:1 赤:1 白:1 緑:1
専用	 赤:5 青:4 紫:1 緑:1
サウナ	 茶:4 橙:2 白:2 紫:1 赤:1 黄:1
府	 茶:4 黒:2 緑:2 黄:1 桃:1 灰:1
幹事	 青:4 緑:3 橙:1 茶:1 黄:1 白:1
更衣室	 白:3 灰:2 黒:2 青:1 紫:1 黄:1 緑:1
常任	 黒:3 紫:2 茶:2 橙:2 黄:1 緑:1
権限	 赤:3 黒:3 緑:3 茶:1 灰:1
域	 白:4 緑:4 青:2 黒:1
圧力	 赤:6 黒:5
誤り	 赤:4 灰:3 黒:2 青:1 黄:1
ビル	 灰:7 紫:1 青:1 黒:1 白:1
戸籍	 白:4 茶:3 赤:2 青:1 黄:1
東洋	 青:4 茶:2 黄:2 灰:1 黒:1 白:1
医学部	 白:8 黒:2 赤:1
実用	 青:3 白:3 黄:2 紫:1 橙:1 灰:1
ダウン	 黒:6 茶:2 紫:1 青:1 灰:1
制覇	 赤:7 紫:1 黄:1 黒:1 白:1
有機	 緑:5 白:2 橙:1 茶:1 黄:1 灰:1
連覇	 赤:4 青:3 黄:2 橙:1 緑:1
正面	 白:5 黒:2 灰:2 赤:1 緑:1
教会	 白:7 黄:2 桃:1 緑:1
リーグ	 青:3 灰:3 橙:1 茶:1 黄:1 白:1 緑:1
ラック	 灰:4 茶:3 黒:2 赤:1 白:1
多数	 赤:3 青:2 黒:2 緑:2 橙:1 黄:1
帝国	 黒:3 青:2 赤:2 紫:1 茶:1 橙:1 黄:1
校	 白:4 灰:2 紫:1 青:1 赤:1 茶:1 緑:1
観察	 青:3 緑:2 赤:1 桃:1 橙:1 茶:1 灰:1 白:1
男性	 青:7 黒:2 灰:1 白:1
左	 黄:4 緑:4 白:2 茶:1
国務	 灰:3 青:2 赤:2 黄:2 紫:1 黒:1
階級	 紫:3 赤:3 茶:2 青:1 橙:1 白:1
発砲	 黒:5 赤:3 青:1 黄:1 灰:1
歴代	 茶:6 緑:2 紫:1 橙:1 黒:1
創作	 青:3 橙:2 黒:2 黄:1 灰:1 桃:1 白:1
出会い	 桃:5 赤:3 黄:1 白:1 緑:1
インサイダー	 黒:5 灰:3 青:1 茶:1 白:1
朗読	 緑:3 橙:2 白:2 青:1 黄:1 桃:1 灰:1
クラス	 黒:3 青:2 黄:2 白:2 橙:1 緑:1
争い	 赤:6 紫:1 茶:1 黄:1 黒:1 灰:1
自動	 青:3 黒:3 灰:2 橙:1 白:1 緑:1
わて	 白:4 橙:2 茶:2 緑:2 赤:1
継承	 白:3 青:2 紫:1 赤:1 桃:1 緑:1 灰:1 黒:1
静か	 青:7 白:4
栽培	 緑:9 青:1 茶:1
走破	 青:2 橙:2 黄:2 赤:1 桃:1 茶:1 黒:1 白:1
学生	 青:5 黒:2 桃:2 茶:1 白:1
没収	 黒:3 灰:3 青:1 赤:1 黄:1 桃:1 緑:1
観光	 緑:4 白:2 青:1 茶:1 橙:1 黄:1 桃:1
仕組み	 灰:4 黄:2 青:1 赤:1 桃:1 白:1 緑:1
総括	 緑:3 青:2 灰:2 黒:2 橙:1 黄:1
セット	 橙:3 青:2 緑:2 茶:1 黄:1 桃:1 白:1
もち	 白:10 灰:1
終戦	 黒:5 灰:4 青:1 茶:1
移行	 青:4 黄:2 白:2 緑:2 黒:1
終了	 黒:5 青:2 赤:2 茶:1 白:1
焦点	 黒:4 赤:3 青:2 茶:1 黄:1
不安	 灰:6 青:3 紫:1 赤:1
代金	 黄:5 青:1 赤:1 茶:1 橙:1 灰:1 白:1
メーカー	 青:3 灰:3 橙:2 黄:1 黒:1 白:1
データ	 白:3 黄:2 灰:2 紫:1 橙:1 黒:1 緑:1
強制	 赤:4 黒:4 茶:1 黄:1 灰:1
公司	 白:3 黒:2 緑:2 紫:1 赤:1 黄:1 灰:1
補修	 茶:3 灰:2 青:1 橙:1 黄:1 黒:1 白:1 緑:1
運命	 赤:5 紫:2 白:2 青:1 黒:1
軌道	 黒:3 青:2 黄:2 紫:1 橙:1 白:1 緑:1
捜査	 灰:4 黒:3 青:1 赤:1 茶:1 白:1
爆発	 赤:7 黒:2 黄:1 灰:1
配偶	 桃:4 青:2 赤:2 紫:1 黄:1 黒:1
召集	 赤:5 黒:2 青:1 橙:1 灰:1 緑:1
断念	 黒:3 茶:2 赤:2 紫:1 黄:1 灰:1 白:1
当事	 灰:3 橙:2 白:2 紫:1 茶:1 赤:1 黒:1
処理	 灰:4 青:2 黒:2 茶:1 赤:1 緑:1
収集	 茶:2 黒:2 白:2 緑:2 紫:1 橙:1 黄:1
マスト	 白:5 青:2 茶:1 赤:1 黄:1 黒:1
カメラマン	 黒:6 青:1 赤:1 橙:1 灰:1 白:1
市立	 青:3 白:3 橙:2 黄:1 桃:1 緑:1
打撲	 赤:3 青:2 紫:2 茶:1 灰:1 黒:1 緑:1
ダミー	 灰:5 紫:2 黒:2 白:1 緑:1
脱出	 灰:3 紫:2 青:2 赤:2 白:2
協会	 青:3 紫:2 灰:2 赤:1 黄:1 黒:1 白:1
寄付	 青:2 黒:2 白:2 赤:1 桃:1 緑:1 橙:1 黄:1
監督	 黒:6 赤:2 青:1 黄:1 白:1
大戦	 赤:7 黒:2 茶:1 灰:1
対応	 青:3 赤:2 橙:2 黄:2 紫:1 白:1
独身	 白:3 青:2 赤:2 灰:2 黄:1 黒:1
名跡	 茶:4 灰:3 紫:2 黒:2
対抗	 赤:5 灰:2 紫:1 茶:1 黒:1 白:1
氷点下	 白:7 青:3 灰:1
生まれ	 白:6 桃:2 青:1 赤:1 黒:1
委	 青:2 黄:2 桃:2 緑:2 茶:1 灰:1 白:1
デモ	 赤:4 紫:1 桃:1 緑:1 青:1 黄:1 灰:1 黒:1
広告	 黄:4 橙:2 青:1 赤:1 灰:1 黒:1 白:1
前	 青:4 白:3 緑:3 赤:1
協定	 黄:4 青:2 橙:1 灰:1 黒:1 白:1 緑:1
専業	 白:4 青:2 赤:1 黄:1 黒:1 桃:1 緑:1
性格	 橙:2 黒:2 桃:2 白:2 紫:1 赤:1 緑:1
ダンピング	 灰:5 青:2 橙:1 茶:1 黒:1 白:1
公募	 白:3 緑:3 赤:2 茶:1 黒:1 灰:1
グループ	 白:3 橙:2 紫:1 赤:1 桃:1 青:1 黄:1 灰:1
鉄道	 黒:5 灰:4 茶:2
差	 青:5 黄:2 紫:1 赤:1 黒:1 灰:1
末	 茶:4 黒:2 青:1 紫:1 橙:1 灰:1 白:1
退陣	 灰:5 青:2 黒:2 橙:1 白:1
突破	 赤:6 橙:2 白:2 緑:1
オブ	 白:3 青:2 黒:2 橙:1 黄:1 桃:1 灰:1
安定	 白:5 青:3 桃:1 灰:1 緑:1
連絡	 白:3 緑:3 青:2 橙:1 黄:1 灰:1
一体	 黒:3 赤:2 桃:2 白:2 橙:1 灰:1
専門	 青:3 紫:2 白:2 茶:1 赤:1 黒:1 緑:1
わが国	 白:5 紫:2 茶:1 赤:1 黄:1 黒:1
機関	 黒:3 茶:2 灰:2 緑:2 青:1 橙:1
否定	 赤:3 黒:2 緑:2 青:1 紫:1 茶:1 白:1
木造	 茶:8 橙:1 白:1 緑:1
所感	 白:4 緑:2 紫:1 青:1 橙:1 茶:1 黒:1
肩	 橙:4 青:2 茶:1 黄:1 桃:1 黒:1 白:1
姿	 白:5 桃:2 紫:1 茶:1 橙:1 黒:1
裁判	 青:3 黒:3 茶:2 灰:2 紫:1
各種	 青:3 橙:2 白:2 緑:2 紫:1 黄:1
"表明"	 青:2 赤:2 黒:2 白:2 橙:1 黄:1 緑:1
戦	 赤:4 黒:3 緑:3 茶:1
悲願	 赤:3 青:2 橙:2 白:2 黄:1 緑:1
色	 赤:3 白:3 紫:1 橙:1 茶:1 黄:1 黒:1
経由	 黒:3 黄:2 灰:2 緑:2 青:1 茶:1
両党	 紫:3 灰:3 青:2 赤:1 黒:1 緑:1
違法	 赤:4 紫:2 黒:2 橙:1 灰:1 白:1
父	 青:4 黒:4 茶:1 灰:1 白:1
バック	 黒:5 茶:3 紫:1 橙:1 白:1
発電	 赤:3 黄:3 白:2 紫:1 青:1 橙:1
ふもと	 茶:4 緑:4 青:3
発展	 赤:3 白:3 黄:2 青:1 茶:1 桃:1
活躍	 青:2 赤:2 橙:2 黄:2 茶:1 白:1 緑:1
隣	 青:3 橙:2 黒:2 赤:1 黄:1 白:1 緑:1
帰還	 青:6 緑:2 橙:1 桃:1 白:1
出生	 白:4 紫:2 赤:2 桃:2 黒:1
スローガン	 赤:5 白:3 青:1 黄:1 黒:1
保障	 白:8 黒:2 橙:1
帯	 黒:3 紫:2 白:2 緑:2 茶:1 桃:1
プリズン	 紫:2 黒:2 灰:2 青:1 赤:1 茶:1 桃:1 白:1
配慮	 赤:2 青:2 白:2 緑:1 橙:1 茶:1 黄:1 灰:1
内外	 白:5 灰:3 黒:2 紫:1
回顧	 紫:2 黒:2 灰:2 白:2 青:1 黄:1 桃:1
強豪	 赤:3 紫:2 青:2 橙:1 黄:1 黒:1 白:1
復帰	 赤:3 黄:2 桃:2 白:2 青:1 緑:1
だれ	 黒:4 茶:3 灰:3 黄:1
熱心	 赤:9 茶:1 白:1
党	 黒:5 紫:2 赤:1 橙:1 白:1 緑:1
冬型	 白:7 青:2 黄:1 灰:1
与野党	 灰:4 黒:3 紫:1 茶:1 黄:1 白:1
保健	 白:5 橙:2 緑:2 黄:1 桃:1
会談	 白:3 茶:2 黒:2 青:1 赤:1 灰:1 緑:1
戦略	 灰:3 青:2 黒:2 赤:1 茶:1 黄:1 緑:1
発売	 青:5 白:2 赤:1 黄:1 桃:1 緑:1
物	 茶:4 橙:2 赤:1 黄:1 黒:1 灰:1 白:1
ローン	 灰:5 緑:2 青:1 紫:1 赤:1 黄:1
満席	 赤:4 黒:4 黄:1 桃:1 緑:1
名誉	 白:4 黄:3 紫:1 赤:1 橙:1 黒:1
植民	 緑:5 黄:2 黒:2 茶:1 灰:1
歌	 青:3 白:3 赤:2 紫:1 黒:1 桃:1
分権	 紫:2 緑:2 灰:2 赤:1 茶:1 黄:1 黒:1 白:1
展覧	 緑:3 赤:2 黄:2 白:2 橙:1 黒:1
半々	 灰:5 紫:2 白:2 青:1 緑:1
熱湯	 赤:9 白:2
起用	 青:3 黄:3 赤:2 白:2 橙:1
兵器	 黒:5 灰:2 青:1 赤:1 橙:1 黄:1
了承	 青:4 黄:2 白:2 赤:1 桃:1 緑:1
ガラス	 青:5 白:4 黄:1 灰:1
プログラム	 白:4 緑:3 青:2 黒:1 灰:1
椿	 赤:5 緑:4 桃:1 白:1
ビジネス	 黒:3 青:2 紫:1 赤:1 茶:1 黄:1 白:1 緑:1
対象	 青:5 灰:2 橙:1 黄:1 桃:1 白:1
争点	 赤:7 橙:2 黒:2
行為	 灰:4 赤:3 白:2 黒:1 緑:1
リーダー	 赤:5 青:2 紫:1 黄:1 桃:1 黒:1
"機構"	 黄:4 赤:2 黒:2 青:1 茶:1 橙:1
防止	 赤:3 黒:3 黄:2 青:1 茶:1 灰:1
小屋	 茶:9 灰:1 黒:1
権力	 黒:7 赤:1 黄:1 灰:1 緑:1
成長	 青:5 茶:2 紫:1 赤:1 黒:1 緑:1
上限	 赤:5 青:3 紫:2 黄:1
ゴンドラ	 茶:3 橙:2 黒:2 青:1 赤:1 黄:1 緑:1
編集	 黒:3 青:2 白:2 赤:1 茶:1 桃:1 緑:1
誌	 白:8 灰:2 茶:1
文化	 茶:3 紫:2 青:1 橙:1 赤:1 灰:1 白:1 緑:1
解消	 白:3 青:2 黄:2 赤:1 橙:1 黒:1 緑:1
きっかけ	 黄:3 青:2 橙:2 赤:1 桃:1 白:1 緑:1
事前	 紫:2 茶:2 桃:2 白:2 青:1 黄:1 緑:1
決着	 赤:4 黒:3 黄:2 紫:1 白:1
冠	 黄:8 緑:2 紫:1
感動	 赤:3 橙:2 黄:2 桃:2 白:2
"構築"	 黄:3 黒:3 青:2 緑:2 紫:1
印刷	 白:3 青:2 黒:2 灰:2 緑:2
機	 黒:4 灰:2 青:1 赤:1 茶:1 黄:1 白:1
要素	 青:3 灰:3 緑:2 茶:1 黄:1 黒:1
普及	 白:4 青:2 橙:1 黄:1 桃:1 灰:1 緑:1
雪崩	 白:8 紫:1 灰:1 黒:1
監察	 灰:4 黒:2 緑:2 赤:1 茶:1 黄:1
自然	 緑:10 赤:1
到着	 茶:3 青:2 白:2 緑:2 赤:1 黒:1
被爆	 黒:7 灰:3 赤:1
保護	 白:3 青:2 緑:2 赤:1 茶:1 黄:1 桃:1
外交	 青:2 紫:2 赤:2 緑:2 黒:1 灰:1 白:1
ヒット	 青:4 赤:2 黄:2 橙:1 白:1 緑:1
かたち	 白:5 灰:2 黒:2 黄:1 桃:1
減量	 青:4 赤:2 黄:2 灰:1 桃:1 白:1
原子	 青:4 黒:3 白:2 赤:1 黄:1
理解	 白:3 青:2 赤:2 紫:1 橙:1 黒:1 緑:1
頂点	 白:4 赤:3 茶:2 青:1 黄:1
高級	 白:3 黄:2 紫:1 青:1 橙:1 黒:1 桃:1 緑:1
成立	 青:3 赤:3 緑:2 紫:1 桃:1 黒:1
押し	 黄:4 赤:3 青:2 黒:1 白:1
職	 緑:3 赤:2 茶:2 黄:1 黒:1 灰:1 白:1
路上	 灰:7 赤:1 茶:1 黒:1 緑:1
インタビュー	 赤:2 青:2 黄:2 紫:1 桃:1 緑:1 橙:1 白:1
ラン	 紫:2 赤:2 白:2 桃:1 緑:1 青:1 橙:1 灰:1
巨額	 黒:4 赤:3 灰:2 橙:1 黄:1
子ども	 黄:3 赤:2 桃:2 白:2 青:1 茶:1
わずか	 茶:3 赤:2 白:2 黒:1 灰:1 桃:1 緑:1
対話	 橙:4 白:2 青:1 赤:1 黄:1 灰:1 緑:1
難色	 灰:4 紫:2 黒:2 青:1 橙:1 黄:1
地位	 紫:4 黒:2 青:1 赤:1 茶:1 白:1 緑:1
ＨＬＡ	 白:3 赤:2 灰:2 茶:1 黄:1 黒:1 緑:1
集団	 黒:3 橙:2 緑:2 紫:1 青:1 茶:1 赤:1
手順	 緑:4 灰:2 黒:2 青:1 黄:1 白:1
県道	 灰:4 茶:3 青:2 桃:1 黒:1
合間	 白:3 緑:3 灰:2 橙:1 黄:1 黒:1
石	 灰:8 青:1 橙:1 白:1
越境	 灰:3 橙:2 緑:2 紫:1 黄:1 黒:1 白:1
事件	 黒:6 灰:3 青:1 紫:1
精度	 白:5 青:2 灰:2 紫:1 緑:1
ページ	 白:5 青:3 灰:2 橙:1
飛行機	 白:8 青:3
底	 黒:5 茶:2 灰:2 赤:1 黄:1
決済	 赤:5 青:2 紫:1 橙:1 黒:1 緑:1
政策	 青:3 灰:3 黒:3 黄:1 白:1
連れ	 青:3 黄:2 桃:2 緑:2 赤:1 黒:1
ごみ	 灰:6 黒:3 茶:1 橙:1
同社	 白:4 青:3 紫:1 黄:1 桃:1 黒:1
ショッピング	 青:3 白:3 黄:2 桃:1 黒:1 緑:1
タイムズ	 紫:2 赤:2 黄:2 灰:2 緑:2 茶:1
開発	 青:3 赤:2 茶:2 白:2 紫:1 灰:1
執行	 黒:3 赤:2 灰:2 緑:2 青:1 紫:1
自治	 白:3 黒:2 緑:2 紫:1 赤:1 茶:1 灰:1
人道	 緑:4 茶:2 黄:2 青:1 赤:1 桃:1
値上げ	 赤:6 黄:2 茶:1 橙:1 白:1
相手	 白:3 青:2 赤:2 茶:1 黄:1 黒:1 緑:1
全般	 黒:3 白:3 灰:2 緑:2 青:1
直接	 白:3 青:2 灰:2 紫:1 赤:1 茶:1 黒:1
逃亡	 灰:3 赤:2 黒:2 紫:1 青:1 茶:1 黄:1
上下	 青:3 黒:2 白:2 紫:1 赤:1 茶:1 緑:1
パスポート	 赤:4 青:3 黄:2 緑:2
調整	 青:3 黄:2 白:2 緑:2 橙:1 茶:1
スタート	 白:4 黄:3 赤:2 青:1 紫:1
意欲	 橙:6 赤:3 黄:2
女子	 桃:6 赤:5
自覚	 白:3 青:2 緑:2 橙:1 灰:1 黒:1 桃:1
模索	 灰:5 白:2 青:1 紫:1 黄:1 緑:1
排除	 黒:4 灰:3 赤:2 紫:1 青:1
項目	 黒:3 白:3 黄:2 青:1 灰:1 緑:1
格付け	 赤:4 黄:3 青:1 桃:1 黒:1 灰:1
国境	 赤:3 茶:3 橙:1 黄:1 灰:1 黒:1 緑:1
分	 白:3 青:2 黄:2 黒:2 赤:1 橙:1
部品	 青:2 茶:2 灰:2 白:2 橙:1 黄:1 黒:1
応募	 赤:3 黄:3 白:3 緑:2
星空	 青:4 黄:3 黒:3 緑:1
買い物	 桃:3 橙:2 黒:2 緑:2 紫:1 黄:1
役所	 灰:4 青:2 白:2 茶:1 黄:1 桃:1
署員	 青:4 黒:2 茶:1 赤:1 灰:1 白:1 緑:1
死亡	 黒:8 灰:3
順守	 青:5 緑:2 紫:1 黄:1 黒:1 白:1
充電	 赤:3 黄:3 緑:2 橙:1 桃:1 白:1
意識	 青:3 黄:3 白:3 橙:1 灰:1
運用	 黒:2 白:2 赤:1 緑:1 青:1 茶:1 橙:1 黄:1 灰:1
毎月	 青:5 白:4 橙:1 赤:1
系	 白:4 青:2 茶:2 緑:2 黄:1
保存	 灰:4 青:2 橙:1 赤:1 黄:1 黒:1 白:1
同一	 白:4 橙:2 青:1 紫:1 茶:1 赤:1 黄:1
口調	 白:3 赤:2 黄:2 紫:1 青:1 橙:1 灰:1
見込み	 黄:6 赤:2 茶:1 灰:1 緑:1
ＣＡＴＶ	 青:2 赤:2 橙:2 灰:2 茶:1 黄:1 白:1
ケタ	 青:2 黄:2 白:2 赤:1 緑:1 橙:1 黒:1 灰:1
彼ら	 青:6 黒:2 茶:1 黄:1 緑:1
総裁	 青:4 黒:2 紫:1 橙:1 赤:1 黄:1 白:1
出産	 赤:4 桃:4 橙:2 白:1
ライバル	 赤:7 黄:2 青:1 白:1
ＳＨ	 黄:3 黒:2 紫:1 赤:1 緑:1 青:1 灰:1 白:1
作成	 黄:3 白:3 黒:2 青:1 茶:1 緑:1
行革	 赤:3 青:2 黄:2 緑:2 茶:1 黒:1
検討	 灰:4 白:2 青:1 赤:1 黄:1 黒:1 緑:1
交代	 青:4 茶:3 桃:2 黄:1 灰:1
空洞	 白:4 灰:3 茶:2 黒:2
官房	 黒:4 灰:3 紫:1 青:1 赤:1 茶:1
声明	 橙:3 黄:2 白:2 青:1 赤:1 桃:1 黒:1
マーキュリー	 青:7 茶:2 赤:1 緑:1
"マラソン"	 青:3 黄:2 灰:2 茶:1 赤:1 黒:1 白:1
放置	 灰:5 紫:2 赤:1 茶:1 黄:1 黒:1
オオカミ	 茶:6 白:3 黄:1 灰:1
攻め	 赤:6 紫:2 青:1 黒:1 白:1
運営	 緑:4 赤:3 青:2 黄:1 白:1
育児	 桃:4 紫:2 黄:2 青:1 橙:1 白:1
内	 桃:3 黒:3 白:3 橙:1 緑:1
運び	 灰:4 緑:4 青:2 茶:1
ファミリー	 黄:4 橙:2 緑:2 紫:1 青:1 桃:1
提出	 緑:3 青:2 橙:2 赤:2 黒:1 白:1
棋士	 茶:3 青:2 橙:2 赤:1 黄:1 灰:1 白:1
タウン	 灰:3 緑:3 青:2 茶:2 黒:1
討議	 赤:4 灰:3 黒:2 紫:1 橙:1
オーバー	 赤:7 紫:1 黄:1 黒:1 白:1
発足	 青:3 黄:3 白:3 橙:1 黒:1
情勢	 青:3 赤:2 白:2 紫:1 黄:1 灰:1 緑:1
位置	 黒:4 青:3 橙:1 赤:1 桃:1 緑:1
確保	 黒:3 青:2 緑:2 紫:1 橙:1 黄:1 白:1
偽造	 黒:3 灰:3 紫:2 赤:2 黄:1
懸案	 赤:3 黄:3 橙:2 青:1 灰:1 白:1
家計	 黄:5 緑:2 赤:1 黒:1 桃:1 白:1
賛同	 青:3 赤:2 黄:2 橙:1 灰:1 白:1 緑:1
繰り返し	 青:4 黄:2 緑:2 紫:1 赤:1 黒:1
ドラマ	 青:2 灰:2 紫:1 桃:1 緑:1 茶:1 橙:1 黒:1 白:1
家事	 橙:2 茶:2 赤:2 桃:2 緑:2 白:1
グラウンド	 茶:5 緑:3 黒:1 桃:1 白:1
象嵌	 黒:3 灰:3 白:2 紫:1 茶:1 黄:1
ＳＯ	 緑:4 青:2 赤:1 橙:1 黒:1 灰:1 白:1
蔵	 灰:5 黒:3 茶:2 白:1
支部	 灰:4 青:2 緑:2 桃:1 黒:1 白:1
愛好	 桃:7 赤:2 黄:1 白:1
原因	 黒:3 青:2 赤:2 灰:2 茶:1 黄:1
衣類	 白:3 青:2 黄:2 紫:1 茶:1 橙:1 桃:1
"予約"	 青:4 黄:2 桃:2 紫:1 黒:1 緑:1
公開	 白:7 赤:2 橙:1 桃:1
上映	 青:3 白:3 黒:2 橙:1 灰:1 緑:1
ＣＭ	 青:3 黄:3 白:2 紫:1 桃:1 緑:1
整備	 灰:4 青:3 紫:2 黒:1 緑:1
勝敗	 赤:4 白:4 茶:1 桃:1 灰:1
市町村	 茶:2 黒:2 白:2 緑:2 赤:1 橙:1 灰:1
マッチ	 赤:9 青:1 茶:1
報道	 灰:6 青:2 赤:1 黒:1 緑:1
開き	 青:3 緑:2 紫:1 赤:1 黄:1 桃:1 黒:1 白:1
座	 茶:3 黄:2 紫:1 青:1 赤:1 黒:1 灰:1 緑:1
抜群	 青:3 黄:3 紫:1 赤:1 橙:1 黒:1 緑:1
中高年	 灰:4 茶:3 黒:2 橙:1 緑:1
いす	 茶:6 青:1 赤:1 灰:1 白:1 緑:1
海上	 青:10 黒:1
腰	 茶:3 白:3 橙:2 黄:1 桃:1 黒:1
克服	 青:2 黄:2 黒:2 白:2 赤:1 茶:1 緑:1
ジャーナリスト	 灰:5 青:2 茶:1 黒:1 白:1 緑:1
簡単	 白:6 橙:1 茶:1 黒:1 桃:1 緑:1
ガード	 黒:3 青:2 灰:2 紫:1 赤:1 黄:1 緑:1
作曲	 白:4 黒:2 灰:2 青:1 茶:1 黄:1
諸国	 緑:2 橙:2 桃:1 青:1 茶:1 黄:1 灰:1 黒:1 白:1
駅伝	 青:4 白:3 緑:2 赤:1 黄:1
向上	 赤:4 黄:2 青:1 紫:1 桃:1 白:1 緑:1
観測	 青:4 黒:4 白:2 黄:1
結合	 黒:2 白:2 紫:1 青:1 茶:1 黄:1 灰:1 桃:1 緑:1
雰囲気	 桃:3 青:2 茶:2 黄:2 白:2
相当	 赤:3 青:2 緑:1 茶:1 黄:1 黒:1 灰:1 白:1
サル	 茶:9 赤:2
ジャンプ	 青:3 黄:3 白:2 赤:1 橙:1 緑:1
深刻	 紫:3 赤:2 灰:2 黒:2 青:1 茶:1
増収	 黒:3 赤:2 紫:1 青:1 茶:1 黄:1 灰:1 白:1
請求	 青:6 赤:3 黒:1 白:1
反対	 青:3 赤:2 黒:2 紫:1 桃:1 灰:1 白:1
リスク	 赤:3 黄:3 灰:3 黒:2
中部	 緑:3 青:2 赤:1 桃:1 茶:1 橙:1 黄:1 白:1
高校	 青:5 緑:2 紫:1 茶:1 赤:1 桃:1
公演	 青:3 黒:2 白:2 茶:1 橙:1 赤:1 黄:1
一流	 青:4 紫:3 黒:2 橙:1 黄:1
部分	 黒:3 青:2 黄:2 白:2 紫:1 橙:1
号	 黒:4 白:3 赤:2 青:1 黄:1
賞金	 黄:6 青:2 赤:2 白:1
塔	 茶:4 灰:3 青:1 橙:1 黒:1 白:1
核	 赤:3 灰:3 黒:2 紫:1 橙:1 白:1
視点	 白:3 緑:3 青:2 橙:1 赤:1 黒:1
雲	 白:9 青:1 灰:1
町	 橙:4 茶:2 白:2 青:1 灰:1 緑:1
仲介	 白:4 黄:2 青:1 赤:1 橙:1 灰:1 緑:1
関心	 橙:4 赤:3 桃:2 青:1 黄:1
歓声	 黄:7 橙:2 青:1 桃:1
鉄	 黒:8 茶:2 灰:1
詳細	 灰:3 青:2 橙:2 白:2 紫:1 茶:1
進行	 青:5 白:3 紫:1 橙:1 灰:1
結集	 紫:2 桃:2 緑:2 赤:1 青:1 茶:1 黄:1 白:1
臨時	 黄:5 赤:2 青:1 橙:1 灰:1 緑:1
気	 黄:6 青:2 白:2 紫:1
圏	 緑:2 青:2 橙:2 紫:1 赤:1 茶:1 黄:1 白:1
視	 青:4 白:2 紫:1 赤:1 茶:1 黒:1 緑:1
想像	 紫:2 橙:2 灰:2 桃:1 緑:1 青:1 黄:1 白:1
退職	 灰:3 青:2 赤:2 紫:1 茶:1 黒:1 白:1
抑制	 青:2 紫:2 赤:2 黄:2 黒:2 茶:1
失敗	 黒:7 赤:2 灰:2
自由	 白:5 青:3 茶:1 橙:1 桃:1
実施	 青:3 黒:2 白:2 緑:2 紫:1 桃:1
トランペット	 黄:7 白:2 青:1 黒:1
相談	 青:4 灰:2 茶:1 橙:1 赤:1 黒:1 白:1
懇談	 橙:2 茶:2 桃:2 緑:2 赤:1 黒:1 灰:1
同様	 赤:2 黒:2 白:2 青:1 黄:1 桃:1 灰:1 緑:1
教委	 灰:3 青:2 茶:2 紫:1 赤:1 黒:1 白:1
籍	 茶:3 赤:2 桃:1 緑:1 橙:1 灰:1 黒:1 白:1
昇進	 青:4 赤:3 橙:2 黄:1 桃:1
縁	 緑:6 赤:2 桃:2 橙:1
メンバー	 灰:3 青:2 橙:2 白:2 黄:1 桃:1
廃棄	 灰:7 茶:2 黒:1 白:1
陛下	 紫:4 白:3 黒:2 青:1 黄:1
半導体	 灰:4 青:2 黒:2 黄:1 白:1 緑:1
民主	 茶:3 白:3 青:1 赤:1 橙:1 黄:1 緑:1
名所	 緑:4 桃:3 白:2 橙:1 茶:1
微妙	 灰:5 青:1 赤:1 茶:1 黄:1 桃:1 緑:1
実力	 赤:4 黄:2 黒:2 青:1 茶:1 緑:1
批准	 白:3 青:2 緑:1 茶:1 橙:1 黄:1 黒:1 灰:1
社会	 灰:4 青:2 緑:2 紫:1 茶:1 黒:1
付き	 茶:3 青:2 黄:2 緑:2 赤:1 桃:1
資源	 緑:5 青:2 黄:2 灰:2
離婚	 黒:4 灰:3 赤:2 紫:1 青:1
適切	 青:3 緑:3 赤:2 白:2 橙:1
ウイング	 白:7 青:3 黒:1
競争	 赤:4 黄:3 白:2 橙:1 灰:1
長官	 黒:3 緑:2 紫:1 赤:1 茶:1 黄:1 灰:1 白:1
施策	 青:3 茶:2 黄:2 赤:1 橙:1 灰:1 白:1
店長	 青:4 白:4 赤:2 橙:1
警告	 赤:11
ＤＲＡＭ	 青:2 黄:2 灰:2 白:2 緑:2 黒:1
奪回	 赤:3 紫:2 黒:2 青:1 茶:1 黄:1 白:1
勝手	 赤:6 紫:1 茶:1 黄:1 黒:1 緑:1
勧誘	 青:2 紫:2 灰:2 緑:2 赤:1 黒:1 白:1
区別	 白:3 灰:2 黒:2 茶:1 橙:1 赤:1 緑:1
ねじれ	 灰:7 青:1 紫:1 橙:1 緑:1
感情	 赤:5 白:2 橙:1 黄:1 黒:1 緑:1
士	 茶:7 灰:2 黒:1 白:1
検察	 黒:4 白:3 紫:1 茶:1 赤:1 緑:1
晴れ着	 桃:5 赤:2 青:1 紫:1 橙:1 茶:1
飾り	 赤:3 黄:3 橙:2 茶:1 白:1 緑:1
譲歩	 黄:3 赤:2 灰:2 緑:2 青:1 茶:1
母	 桃:4 緑:2 青:1 赤:1 橙:1 黄:1 白:1
長女	 桃:5 赤:3 紫:1 茶:1 白:1
商売	 橙:3 青:2 緑:2 紫:1 茶:1 黄:1 白:1
対外	 黄:3 赤:2 橙:2 青:1 灰:1 白:1 緑:1
展示	 青:3 紫:1 赤:1 桃:1 緑:1 橙:1 黄:1 灰:1 白:1
"表現"	 白:3 緑:2 紫:1 桃:1 橙:1 黄:1 黒:1 灰:1
自ら	 白:4 青:3 橙:1 黒:1 灰:1 緑:1
都心	 青:4 赤:3 灰:2 黒:1 白:1
ゴルフ	 緑:9 黄:1 白:1
兄	 青:6 緑:2 桃:1 黒:1 白:1
詰め	 黄:3 赤:2 黒:2 青:1 茶:1 橙:1 緑:1
兼	 茶:4 黄:2 白:2 青:1 赤:1 緑:1
延べ	 青:3 茶:2 白:2 緑:2 紫:1 赤:1
捜索	 黄:3 青:2 橙:2 赤:1 黒:1 灰:1 桃:1
分裂	 灰:2 黒:2 青:1 赤:1 橙:1 黄:1 桃:1 白:1 緑:1
銃	 黒:10 灰:1
妊娠	 桃:6 赤:4 白:1
海軍	 青:11
ショック	 赤:3 灰:3 青:2 橙:1 黄:1 黒:1
家宅	 白:5 黄:2 青:1 赤:1 茶:1 緑:1
骨折	 灰:4 白:3 青:1 紫:1 茶:1 黒:1
実家	 茶:3 緑:3 紫:1 青:1 橙:1 桃:1 白:1
規定	 青:3 黒:3 茶:2 赤:2 緑:1
世論	 灰:3 青:2 茶:2 紫:1 黄:1 黒:1 白:1
異常	 赤:7 黄:2 紫:1 茶:1
原爆	 灰:5 赤:2 青:1 茶:1 黒:1 緑:1
通行	 青:3 緑:3 白:2 紫:1 赤:1 桃:1
所有	 茶:2 黄:2 白:2 緑:2 紫:1 赤:1 橙:1
進攻	 赤:5 黒:2 紫:1 青:1 黄:1 緑:1
記念	 赤:3 黄:3 紫:2 青:1 白:1 緑:1
条約	 茶:3 黒:3 青:2 赤:1 灰:1 白:1
明言	 白:3 橙:2 紫:1 赤:1 緑:1 青:1 黄:1 黒:1
プライム	 緑:3 青:2 黄:2 桃:2 白:2
模様	 緑:2 茶:2 白:2 紫:1 桃:1 青:1 橙:1 黒:1
妹	 桃:7 青:1 黄:1 黒:1 灰:1
投票	 緑:4 黄:2 灰:2 青:1 紫:1 白:1
水深	 青:8 緑:3
事務	 黒:6 白:3 青:1 緑:1
道路	 灰:7 茶:1 桃:1 黒:1 白:1
郵便	 赤:9 青:1 白:1
新婦	 桃:5 白:3 橙:2 赤:1
"予算"	 赤:3 灰:3 黄:2 黒:1 白:1 緑:1
カバー	 白:4 灰:3 青:2 橙:1 緑:1
紹介	 桃:4 黄:2 白:2 青:1 茶:1 緑:1
兵士	 灰:5 緑:4 茶:2
命令	 赤:4 黒:2 緑:2 紫:1 黄:1 白:1
見解	 青:4 緑:4 白:2 茶:1
神経	 赤:2 青:2 白:2 紫:1 緑:1 橙:1 黄:1 灰:1
努力	 赤:5 緑:2 青:1 橙:1 茶:1 桃:1
結成	 白:3 青:2 赤:2 緑:2 橙:1 黒:1
行き	 黄:3 緑:3 青:1 茶:1 橙:1 黒:1 白:1
答え	 白:3 青:2 灰:2 紫:1 赤:1 橙:1 黄:1
商店	 灰:3 橙:2 茶:2 青:1 赤:1 白:1 緑:1
データベース	 灰:4 橙:2 白:2 青:1 黒:1 緑:1
ブロック	 茶:4 灰:4 青:2 黄:1
駅	 灰:4 茶:3 黒:2 白:1 緑:1
開会	 白:5 黄:3 桃:2 緑:1
改定	 赤:2 緑:2 茶:2 橙:1 黄:1 黒:1 灰:1 白:1
中心	 白:3 赤:2 黒:2 橙:1 黄:1 桃:1 灰:1
結論	 青:2 赤:2 黄:2 茶:1 橙:1 灰:1 黒:1 緑:1
原油	 黒:7 橙:2 茶:1 灰:1
演出	 紫:2 赤:2 茶:2 黄:2 白:2 青:1
当選	 赤:10 黄:1
評価	 青:3 黄:3 白:3 赤:1 灰:1
合成	 赤:3 紫:2 灰:2 茶:1 橙:1 黄:1 黒:1
東南	 青:3 橙:3 白:2 茶:1 黄:1 緑:1
態勢	 青:3 紫:2 赤:2 黒:2 茶:1 灰:1
ケース	 白:6 灰:2 紫:1 青:1 桃:1
下山	 茶:3 緑:3 白:2 青:1 黄:1 灰:1
訓練	 緑:3 青:2 白:2 橙:1 茶:1 赤:1 黄:1
複数	 青:3 黄:2 紫:1 赤:1 桃:1 橙:1 茶:1 黒:1
画廊	 茶:2 橙:2 白:2 紫:1 緑:1 青:1 黄:1 灰:1
はじめ	 白:8 茶:2 緑:1
水準	 青:6 白:2 橙:1 灰:1 緑:1
外務	 灰:2 黒:2 白:2 紫:1 赤:1 橙:1 茶:1 黄:1
特殊	 赤:4 紫:3 橙:1 黒:1 白:1 緑:1
熱	 赤:9 橙:2
総額	 青:3 赤:3 黄:3 黒:1 緑:1
岳	 緑:5 茶:4 灰:2
空爆	 黒:5 赤:4 灰:1 緑:1
人気	 赤:6 青:2 紫:1 黄:1 緑:1
方向	 青:3 白:3 紫:2 黄:1 黒:1 灰:1
式	 白:5 黒:3 紫:1 青:1 赤:1
健康	 緑:5 桃:3 白:2 青:1
紛争	 灰:5 赤:3 紫:1 茶:1 黒:1
反撃	 赤:5 黄:2 灰:2 黒:2
図	 青:3 黒:2 緑:2 橙:1 黄:1 灰:1 白:1
エース	 赤:7 茶:1 橙:1 灰:1 白:1
二男	 白:4 青:3 緑:2 紫:1 黒:1
キューブ	 白:3 赤:2 灰:2 青:1 橙:1 黄:1 黒:1
介助	 白:4 灰:3 紫:1 橙:1 黄:1 緑:1
性	 桃:8 灰:2 黒:1
シンジケート	 白:5 黒:2 紫:1 青:1 赤:1 橙:1
サービス	 青:3 黄:2 白:2 赤:1 橙:1 桃:1 緑:1
減収	 赤:3 青:2 茶:2 灰:2 桃:1 黒:1
西側	 黄:4 青:2 橙:2 白:2 赤:1
校長	 茶:6 紫:2 赤:1 白:1 緑:1
現職	 青:3 橙:2 緑:2 紫:1 灰:1 黒:1 白:1
主婦	 桃:5 橙:3 黒:1 灰:1 白:1
残土	 茶:9 灰:1 黒:1
米軍	 青:4 赤:2 黒:2 灰:2 白:1
耳	 桃:3 赤:2 茶:2 黄:2 橙:1 白:1
調子	 黄:4 赤:2 桃:2 緑:2 橙:1
創造	 青:2 橙:2 白:2 緑:2 紫:1 桃:1 黒:1
報	 赤:3 黄:2 白:2 紫:1 灰:1 黒:1 緑:1
装置	 灰:5 青:3 紫:2 黒:1
辞任	 黒:4 紫:2 赤:2 茶:1 灰:1 緑:1
飛行	 青:8 白:2 黒:1
宴会	 赤:5 桃:3 黄:2 橙:1
提案	 青:2 黄:2 白:2 緑:2 紫:1 赤:1 黒:1
プレー	 青:2 橙:2 赤:2 桃:2 白:2 黄:1
逆襲	 赤:4 黄:2 黒:2 紫:1 茶:1 橙:1
祭り	 赤:5 青:1 紫:1 橙:1 黄:1 白:1 緑:1
順	 青:3 黄:3 白:2 茶:1 黒:1 桃:1
脱水	 青:6 灰:2 白:2 赤:1
不況	 赤:4 灰:4 黒:2 青:1
吊るし	 茶:3 白:3 青:1 紫:1 橙:1 灰:1 黒:1
ストレス	 赤:4 灰:4 黒:3
人口	 白:4 赤:2 紫:1 青:1 黄:1 黒:1 緑:1
共存	 青:3 桃:3 緑:3 黄:1 灰:1
造成	 灰:4 橙:2 茶:2 紫:1 青:1 緑:1
サンプル	 白:4 青:2 黄:2 茶:1 赤:1 灰:1
別	 緑:3 赤:2 紫:1 青:1 橙:1 黄:1 灰:1 白:1
質	 青:3 白:2 茶:1 橙:1 黄:1 灰:1 黒:1 桃:1
同率	 赤:3 白:3 黒:2 青:1 黄:1 灰:1
規制	 黄:4 茶:2 緑:2 青:1 赤:1 灰:1
はがき	 白:11
スタッフ	 白:6 青:2 緑:2 黒:1
赤字	 赤:11
議会	 白:3 赤:2 灰:2 緑:2 紫:1 茶:1
司令	 紫:3 白:3 赤:2 青:1 茶:1 黒:1
時代	 灰:5 緑:2 青:1 茶:1 橙:1 白:1
秘密	 赤:3 灰:3 黒:2 橙:1 桃:1 白:1
者	 青:4 茶:3 赤:1 桃:1 灰:1 白:1
機会	 白:4 黄:3 赤:1 橙:1 桃:1 緑:1
戦術	 緑:3 青:2 紫:1 赤:1 黄:1 黒:1 灰:1 白:1
平均	 白:3 緑:3 青:2 茶:2 黄:1
フル	 赤:6 青:1 黄:1 黒:1 白:1 緑:1
サイクリング	 青:4 緑:4 白:2 灰:1
趣向	 橙:3 緑:3 青:1 茶:1 黄:1 黒:1 桃:1
撤廃	 灰:4 黒:3 茶:2 青:1 緑:1
ＯＢ	 灰:3 黒:2 緑:2 青:1 赤:1 茶:1 黄:1
野良黒	 黒:9 青:2
スケジュール	 青:3 白:3 茶:2 橙:1 赤:1 灰:1
外資	 黄:5 灰:2 青:1 茶:1 橙:1 黒:1
省	 白:4 赤:2 橙:2 青:1 黒:1 緑:1
相場	 橙:2 黒:2 灰:2 赤:1 桃:1 茶:1 黄:1 白:1
党籍	 紫:2 赤:2 黒:2 灰:2 橙:1 白:1 緑:1
外郭	 青:2 黒:2 白:2 緑:2 赤:1 黄:1 灰:1
編	 赤:3 白:3 黒:2 紫:1 茶:1 緑:1
化合	 白:5 黄:2 青:1 橙:1 灰:1 緑:1
女性	 赤:6 桃:5
電機	 黄:6 青:2 茶:1 灰:1 黒:1
大変	 赤:3 黄:3 紫:2 青:1 橙:1 黒:1
合宿	 緑:2 白:2 紫:1 赤:1 桃:1 青:1 茶:1 黄:1 黒:1
撮影	 青:4 白:2 紫:1 橙:1 灰:1 桃:1 緑:1
"十分"	 橙:3 赤:2 黒:2 白:2 青:1 黄:1
セミナー	 青:3 緑:3 黄:2 桃:2 白:1
冷却	 青:9 赤:1 白:1
炎	 赤:9 橙:1 緑:1
神宮	 赤:4 茶:3 紫:2 青:1 白:1
アクセス	 青:2 赤:2 白:2 紫:1 橙:1 黄:1 黒:1 緑:1
あばずれ	 桃:4 紫:2 灰:2 橙:1 赤:1 黒:1
苦情	 黒:5 赤:2 茶:1 黄:1 灰:1 緑:1
観戦	 緑:4 赤:2 青:1 黄:1 黒:1 桃:1 白:1
例	 黒:3 青:2 橙:2 白:2 赤:1 灰:1
線	 黒:4 白:4 青:1 赤:1 緑:1
撤回	 灰:4 黒:4 青:1 茶:1 赤:1
学院	 青:5 赤:1 灰:1 桃:1 黒:1 白:1 緑:1
レイプ	 黒:5 赤:2 灰:2 黄:1 白:1
女優	 桃:6 赤:4 茶:1
相撲	 茶:6 白:2 紫:1 灰:1 黒:1
職業	 白:3 黒:2 灰:2 緑:2 紫:1 青:1
成績	 白:3 赤:2 黒:2 青:1 茶:1 橙:1 緑:1
再燃	 赤:7 紫:1 橙:1 黒:1 桃:1
同県	 緑:3 青:2 黒:2 橙:1 茶:1 黄:1 白:1
公務	 青:4 灰:3 茶:2 白:1 緑:1
戦車	 緑:6 茶:2 灰:2 黒:1
撤収	 黒:3 灰:3 白:3 茶:1 赤:1
売り込み	 赤:4 橙:2 黄:2 青:1 黒:1 緑:1
アルデヒド	 灰:5 青:2 紫:1 茶:1 橙:1 黒:1
挑戦	 赤:6 青:2 灰:2 桃:1
スターズ	 黄:6 青:3 赤:1 白:1
堂	 茶:6 黄:2 青:1 橙:1 桃:1
名	 白:4 青:3 赤:3 黒:1
千畳敷	 緑:5 茶:4 黄:1 灰:1
リベラル	 白:3 紫:2 赤:2 緑:2 青:1 黄:1
迫力	 赤:5 青:1 橙:1 黒:1 灰:1 白:1 緑:1
走り	 青:4 白:2 茶:1 赤:1 橙:1 桃:1 緑:1
未遂	 灰:4 黒:3 橙:2 青:1 白:1
縮小	 灰:4 青:2 白:2 赤:1 橙:1 黄:1
ネットワーク	 青:4 赤:2 白:2 橙:1 黄:1 緑:1
注文	 赤:3 黄:2 灰:2 白:2 青:1 橙:1
壁	 灰:5 茶:3 白:2 赤:1
着	 茶:3 緑:3 黒:2 青:1 橙:1 白:1
急速	 赤:3 青:2 白:2 紫:1 橙:1 黄:1 緑:1
円安	 赤:6 青:2 灰:2 紫:1
博物	 灰:4 茶:2 白:2 青:1 桃:1 緑:1
達成	 青:3 赤:3 橙:2 黄:2 黒:1
意義	 黄:3 黒:3 青:1 赤:1 灰:1 白:1 緑:1
犬	 茶:4 白:3 黒:2 青:1 橙:1
不透明	 灰:10 白:1
長男	 青:5 赤:2 桃:1 黒:1 白:1 緑:1
破壊	 赤:5 黒:3 灰:2 紫:1
クラブ	 紫:2 黄:2 黒:2 桃:2 青:1 茶:1 白:1
情熱	 赤:10 黄:1
軽	 黄:6 白:2 青:1 灰:1 桃:1
点差	 赤:3 黒:3 青:2 橙:1 黄:1 白:1
滑り	 白:4 灰:3 青:2 橙:1 黄:1
デザイン	 白:3 青:2 赤:2 橙:2 桃:1 緑:1
開店	 青:4 白:2 茶:1 黄:1 灰:1 桃:1 緑:1
大社	 白:3 茶:2 緑:2 青:1 紫:1 赤:1 桃:1
カード	 白:4 青:2 赤:2 黒:2 黄:1
競技	 青:5 橙:2 白:2 赤:1 緑:1
守備	 青:3 緑:3 茶:2 黄:1 灰:1 白:1
王国	 黄:3 白:3 黒:2 青:1 赤:1 緑:1
国民	 青:3 黒:2 白:2 緑:2 赤:1 灰:1
ゲリラ	 黒:4 茶:3 緑:2 赤:1 橙:1
商品	 白:4 青:2 紫:1 赤:1 黄:1 灰:1 緑:1
次	 青:2 黄:2 灰:2 白:2 緑:2 黒:1
シフト	 青:2 黄:2 白:2 紫:1 赤:1 緑:1 黒:1 灰:1
支援	 緑:3 青:2 黄:2 白:2 茶:1 赤:1
尊重	 白:4 青:2 紫:1 茶:1 赤:1 橙:1 黄:1
冷戦	 青:4 灰:4 黒:2 赤:1
積雪	 白:9 青:1 灰:1
法人	 白:6 灰:2 紫:1 黒:1 緑:1
転換	 黄:3 青:2 紫:2 茶:1 灰:1 黒:1 緑:1
"ソロ"	 青:4 白:3 黄:2 黒:1 桃:1
器	 白:5 茶:2 青:1 橙:1 赤:1 黒:1
同調	 青:3 黄:3 桃:2 橙:1 茶:1 緑:1
価値	 黄:5 赤:3 白:2 青:1
攻防	 赤:3 黒:3 黄:2 橙:1 灰:1 緑:1
水	 青:8 紫:1 茶:1 黒:1
ヨット	 青:6 白:3 紫:1 黒:1
取り	 青:3 赤:2 茶:2 白:2 橙:1 灰:1
誕生	 白:4 赤:3 青:1 茶:1 黄:1 桃:1
場	 茶:4 紫:2 橙:1 黄:1 灰:1 白:1 緑:1
地震	 茶:3 黒:3 青:1 橙:1 桃:1 灰:1 白:1
労働	 灰:3 青:2 白:2 紫:1 茶:1 橙:1 緑:1
ポジション	 青:3 白:3 赤:1 橙:1 黄:1 黒:1 緑:1
攻略	 青:4 赤:4 黄:2 橙:1
洗練	 白:7 青:3 黒:1
意見	 青:6 茶:1 赤:1 黄:1 灰:1 緑:1
オンライン	 橙:3 赤:3 青:2 黒:1 白:1 緑:1
なだれ	 白:5 赤:3 黒:2 灰:1
箱	 茶:5 白:2 青:1 赤:1 黄:1 黒:1
スポークスマン	 青:4 橙:2 緑:2 赤:1 灰:1 白:1
確認	 緑:2 黄:2 黒:2 赤:1 青:1 橙:1 茶:1 灰:1
軍団	 赤:2 黄:2 黒:2 灰:2 青:1 茶:1 緑:1
デビュー	 桃:3 白:3 青:1 赤:1 橙:1 黄:1 灰:1
交流	 緑:4 白:2 茶:1 赤:1 橙:1 黄:1 桃:1
鉄筋	 灰:4 黒:3 青:1 紫:1 茶:1 黄:1
参拝	 赤:4 白:3 青:1 橙:1 桃:1 黒:1
画面	 青:3 黒:3 灰:2 白:2 橙:1
確定	 赤:4 白:2 橙:1 茶:1 黒:1 桃:1 緑:1
体重	 青:3 赤:3 桃:2 茶:1 黄:1 灰:1
日報	 白:4 黒:2 灰:2 茶:1 赤:1 黄:1
開港	 青:7 茶:1 赤:1 白:1 緑:1
完了	 青:4 黒:2 白:2 紫:1 赤:1 茶:1
離党	 紫:3 黄:3 灰:3 青:1 桃:1
駐	 黄:4 灰:2 緑:2 青:1 黒:1 白:1
藏	 黒:4 灰:2 紫:1 赤:1 茶:1 黄:1 白:1
参院	 青:3 紫:2 橙:2 茶:2 緑:2
立場	 茶:3 橙:2 黄:2 赤:1 桃:1 灰:1 黒:1
設立	 青:4 白:3 赤:1 橙:1 黒:1 緑:1
推薦	 青:6 赤:2 紫:1 茶:1 橙:1
促進	 青:3 赤:2 茶:1 橙:1 灰:1 桃:1 黒:1 白:1
傾向	 青:2 黄:2 黒:2 白:2 赤:1 橙:1 緑:1
妥協	 茶:3 青:2 黄:2 灰:2 紫:1 赤:1
計	 青:2 黄:2 白:2 赤:1 緑:1 橙:1 黒:1 灰:1
ナンバー	 白:7 緑:3 橙:1
フェミ	 桃:7 赤:1 黄:1 灰:1 緑:1
ヘリ	 灰:5 青:3 白:2 黄:1
ベテラン	 紫:3 青:2 黒:2 赤:1 茶:1 黄:1 灰:1
上昇	 青:6 赤:2 黄:1 黒:1 白:1
故郷	 緑:4 橙:2 茶:2 桃:2 灰:1
歴	 茶:4 黒:3 白:2 黄:1 灰:1
たくさん	 白:3 橙:2 桃:2 青:1 赤:1 黄:1 黒:1
画家	 赤:2 紫:1 桃:1 緑:1 青:1 茶:1 橙:1 黒:1 灰:1 白:1
確信	 青:3 黄:3 黒:3 白:1 緑:1
物質	 黒:3 青:2 茶:2 赤:1 黄:1 灰:1 白:1
法案	 茶:2 黄:2 灰:2 黒:2 白:2 橙:1
差別	 灰:5 黄:2 紫:1 青:1 赤:1 白:1
氏族	 緑:3 青:2 茶:2 黄:2 黒:2
ふろ	 青:3 白:3 橙:2 茶:1 赤:1 桃:1
企画	 青:4 白:3 黄:2 灰:1 緑:1
科学	 青:5 赤:2 灰:2 黄:1 緑:1
運行	 青:4 黄:2 白:2 茶:1 灰:1 桃:1
関与	 灰:4 赤:3 黒:2 黄:1 緑:1
外国	 緑:4 青:2 橙:2 紫:1 茶:1 黄:1
結束	 赤:3 青:2 黄:2 橙:1 茶:1 黒:1 緑:1
設置	 青:2 紫:2 黒:2 茶:1 黄:1 灰:1 白:1 緑:1
許可	 青:4 赤:1 緑:1 橙:1 黄:1 灰:1 黒:1 白:1
呼び掛け	 青:4 黄:3 橙:1 赤:1 黒:1 緑:1
玄関	 茶:4 黒:2 橙:1 黄:1 灰:1 白:1 緑:1
行方	 灰:6 赤:2 青:1 黄:1 緑:1
紙幣	 灰:5 茶:3 桃:2 橙:1
紙	 白:8 灰:2 茶:1
話題	 橙:3 白:3 青:1 赤:1 黄:1 灰:1 緑:1
音声	 黒:2 紫:1 赤:1 桃:1 青:1 茶:1 橙:1 黄:1 灰:1 白:1
左翼	 赤:3 灰:3 茶:2 青:1 黒:1 白:1
白人	 白:9 黄:1 緑:1
登記	 灰:3 黒:2 白:2 青:1 茶:1 橙:1 黄:1
地方	 茶:4 緑:4 灰:2 黄:1
報告	 赤:3 黄:2 白:2 緑:2 青:1 桃:1
電力	 黄:6 青:1 橙:1 茶:1 灰:1 白:1
現象	 青:4 灰:2 緑:2 茶:1 橙:1 黄:1
冒陳	 灰:4 青:2 紫:1 茶:1 黒:1 白:1 緑:1
満室	 赤:10 紫:1
自主	 青:2 灰:2 紫:1 赤:1 緑:1 茶:1 黄:1 黒:1 白:1
夢	 桃:4 青:3 黄:3 紫:1
主要	 赤:7 緑:2 桃:1 黒:1
順調	 青:3 白:3 緑:3 茶:1 橙:1
軍	 黒:5 緑:4 茶:1 灰:1
再編	 青:2 赤:2 灰:2 白:2 紫:1 橙:1 緑:1
星	 黄:8 青:1 橙:1 白:1
空港	 青:5 灰:2 橙:1 黒:1 白:1 緑:1
公安	 黒:4 白:3 青:1 黄:1 灰:1 緑:1
首位	 白:4 赤:3 紫:1 青:1 橙:1 黒:1
オゾン	 白:3 青:2 灰:2 黒:2 黄:1 緑:1
道場	 茶:5 黒:3 紫:1 赤:1 白:1
方式	 黒:3 白:3 赤:2 青:1 黄:1 緑:1
与党	 茶:2 黒:2 緑:2 青:1 赤:1 黄:1 灰:1 白:1
条件	 黒:3 灰:3 白:2 茶:1 黄:1 緑:1
共演	 黄:4 白:3 青:1 橙:1 黒:1 緑:1
主席	 黒:3 赤:2 紫:1 青:1 橙:1 茶:1 黄:1 灰:1
衆	 茶:2 赤:2 灰:2 紫:1 橙:1 黒:1 白:1 緑:1
改選	 赤:2 橙:2 灰:2 白:2 青:1 黄:1 緑:1
ＭＦ	 緑:3 赤:2 白:2 青:1 橙:1 茶:1 黄:1
人事	 黄:3 白:3 黒:2 青:1 橙:1 緑:1
分析	 青:7 黒:2 黄:1 白:1
装甲	 茶:3 黒:2 灰:2 緑:2 青:1 白:1
提示	 赤:2 黒:2 白:2 緑:2 橙:1 茶:1 桃:1
公式	 白:5 灰:2 赤:1 黄:1 桃:1 黒:1
巧み	 紫:3 茶:2 黄:2 黒:2 白:1 緑:1
完全	 白:5 赤:3 橙:1 茶:1 緑:1
緩和	 緑:5 桃:4 青:1 黄:1
気持ち	 桃:5 青:2 赤:1 黄:1 灰:1 白:1
部屋	 白:4 茶:3 緑:2 黄:1 黒:1
民族	 茶:3 緑:3 橙:2 赤:1 灰:1 白:1
改築	 茶:5 白:3 赤:1 灰:1 黒:1
著作	 白:3 灰:2 黒:2 紫:1 赤:1 茶:1 黄:1
皮	 茶:8 橙:1 黄:1 灰:1
政党	 青:4 灰:2 黒:2 紫:1 茶:1 白:1
額	 茶:6 青:1 黄:1 黒:1 灰:1 白:1
私	 白:4 灰:2 桃:2 赤:1 黄:1 緑:1
警視	 青:3 黄:3 黒:3 橙:1 白:1
プロ	 青:4 赤:3 黒:2 白:2
運賃	 黄:5 青:2 緑:2 黒:1 白:1
空襲	 赤:4 灰:3 白:2 紫:1 黒:1
和平	 白:4 緑:4 青:1 茶:1 黄:1
シリーズ	 青:3 紫:2 白:2 緑:2 橙:1 灰:1
胸	 赤:3 桃:3 青:1 茶:1 橙:1 灰:1 白:1
入植	 茶:4 緑:3 青:1 赤:1 桃:1 白:1
年金	 青:4 灰:3 赤:1 茶:1 橙:1 緑:1
結婚	 白:7 桃:2 赤:1 緑:1
半数	 黄:3 赤:2 灰:2 青:1 紫:1 茶:1 緑:1
カール	 黄:7 茶:2 赤:1 桃:1
失跡	 灰:7 赤:2 黒:1 白:1
示唆	 灰:3 赤:2 紫:1 青:1 橙:1 茶:1 黒:1 白:1
投入	 赤:3 黄:2 灰:2 茶:1 橙:1 黒:1 白:1
暖房	 橙:6 赤:4 黄:1
ワールドカップ	 青:6 緑:4 黄:1
適正	 橙:3 白:3 青:2 赤:1 桃:1 緑:1
ゴールデン	 黄:9 橙:2
負担	 赤:4 茶:2 黄:1 灰:1 黒:1 桃:1 緑:1
統計	 青:3 灰:3 赤:2 黒:1 白:1 緑:1
事実	 白:5 黒:4 赤:1 灰:1
分離	 灰:5 赤:2 白:2 黄:1 緑:1
節目	 黒:4 茶:2 緑:2 橙:1 赤:1 桃:1
われわれ	 茶:3 橙:3 赤:2 青:1 桃:1 白:1
パーティー	 桃:3 赤:2 橙:2 青:1 茶:1 白:1 緑:1
監禁	 黒:6 赤:3 茶:1 灰:1
ゴミ	 茶:3 黒:3 灰:3 赤:1 緑:1
視界	 白:6 灰:2 青:1 茶:1 緑:1
度	 橙:3 茶:2 緑:2 青:1 赤:1 黒:1 灰:1
移植	 赤:2 緑:2 黒:2 紫:1 青:1 橙:1 黄:1 灰:1
確立	 青:5 白:3 赤:2 橙:1
議題	 茶:3 青:2 紫:1 赤:1 黄:1 灰:1 黒:1 緑:1
無料	 白:5 橙:2 青:1 赤:1 黒:1 桃:1
オープン	 白:4 橙:3 赤:2 青:1 茶:1
金融	 黄:7 青:1 橙:1 灰:1 黒:1
動向	 黒:5 青:2 緑:2 茶:1 白:1
旅館	 茶:6 灰:2 橙:1 黄:1 緑:1
出身	 黄:3 青:2 白:2 緑:2 茶:1 灰:1
増	 赤:3 橙:2 黒:2 青:1 茶:1 黄:1 緑:1
大佐	 橙:2 黒:2 緑:2 紫:1 青:1 茶:1 黄:1 白:1
指揮	 黄:3 白:3 青:1 赤:1 茶:1 黒:1 緑:1
キック	 青:3 赤:2 黄:2 紫:1 茶:1 黒:1 緑:1
本当	 白:5 青:2 緑:2 橙:1 赤:1
各地	 緑:4 茶:2 黒:2 青:1 橙:1 黄:1
脅迫	 黒:7 赤:3 紫:1
死者	 灰:4 赤:3 黒:3 橙:1
厚生	 白:4 赤:2 緑:2 黄:1 黒:1 桃:1
子	 白:5 緑:2 青:1 赤:1 黒:1 桃:1
主将	 白:3 紫:2 赤:2 黒:2 青:1 灰:1
実績	 青:3 黒:2 白:2 紫:1 赤:1 灰:1 緑:1
力	 赤:6 青:2 茶:1 橙:1 黒:1
問屋	 茶:4 灰:2 紫:1 赤:1 黄:1 白:1 緑:1
会見	 灰:4 茶:2 黒:2 青:1 黄:1 白:1
内政	 青:3 灰:3 黄:2 赤:1 橙:1 白:1
赤米	 赤:8 紫:1 茶:1 白:1
向け	 青:3 白:3 緑:2 赤:1 灰:1 黒:1
株価	 赤:4 黄:2 緑:2 青:1 灰:1 白:1
戦争	 黒:6 赤:2 灰:2 紫:1
歯止め	 黒:3 赤:2 黄:2 青:1 橙:1 茶:1 灰:1
解説	 白:3 青:2 緑:2 赤:1 茶:1 黄:1 黒:1
留学	 青:5 黄:2 茶:1 橙:1 赤:1 白:1
現場	 茶:5 黄:2 灰:2 黒:1 白:1
連勝	 赤:6 青:3 紫:1 白:1
風邪	 青:5 紫:2 赤:1 黄:1 灰:1 白:1
副	 青:2 黄:2 灰:2 緑:2 橙:1 赤:1 桃:1
侵害	 赤:5 黒:3 茶:1 灰:1 白:1
噴射	 青:3 橙:3 灰:3 茶:1 白:1
投降	 灰:6 青:3 茶:1 黒:1
バブル	 白:4 青:2 黄:2 橙:1 赤:1 桃:1
高官	 灰:4 黄:2 紫:1 青:1 赤:1 黒:1 緑:1
エンディング	 黒:3 青:2 白:2 緑:2 紫:1 灰:1
支持	 青:2 橙:2 黄:2 紫:1 赤:1 桃:1 黒:1 白:1
登場	 橙:4 黄:3 青:2 黒:2
教諭	 茶:3 緑:3 青:1 紫:1 黄:1 黒:1 灰:1
方	 青:3 黒:2 灰:2 紫:1 黄:1 白:1 緑:1
重大	 赤:6 黒:3 青:1 茶:1
教	 青:6 紫:3 黄:1 緑:1
混雑	 黒:4 灰:4 青:1 赤:1 黄:1
保険	 青:2 白:2 緑:2 茶:1 赤:1 橙:1 黄:1 桃:1
地帯	 赤:3 緑:3 茶:2 青:1 黄:1 黒:1
相	 桃:3 青:2 紫:1 茶:1 赤:1 黄:1 灰:1 白:1
総長	 黒:3 白:3 紫:2 赤:2 青:1
シャトル	 青:3 灰:3 白:3 赤:1 黒:1
販売	 青:3 黄:2 白:2 紫:1 赤:1 桃:1 緑:1
略式	 灰:3 白:3 青:1 赤:1 茶:1 黄:1 桃:1
楽団	 黄:4 茶:2 青:1 橙:1 赤:1 黒:1 緑:1
議席	 紫:3 茶:2 黒:2 青:1 赤:1 白:1 緑:1
次第	 白:5 青:3 赤:1 黄:1 灰:1
勤務	 赤:2 緑:2 灰:2 紫:1 青:1 茶:1 黄:1 黒:1
消防	 赤:9 橙:1 茶:1
挫折	 黒:4 紫:3 灰:2 青:1 桃:1
気分	 青:2 橙:2 黄:2 桃:2 白:2 緑:1
提携	 緑:3 青:2 白:2 橙:1 黄:1 桃:1 灰:1
乗員	 灰:3 黒:3 白:3 黄:1 桃:1
"予選"	 緑:4 赤:3 白:2 茶:1 黄:1
紫	 紫:10 黒:1
全域	 緑:3 青:2 茶:2 黒:2 灰:1 白:1
フィルム	 黒:6 白:2 青:1 茶:1 黄:1
球	 白:6 黄:4 青:1
網	 灰:5 茶:2 青:1 赤:1 黒:1 白:1
策	 黒:4 青:2 灰:2 緑:2 茶:1
スペース	 白:7 灰:2 桃:1 黒:1
受信	 青:3 黄:2 緑:2 赤:1 橙:1 灰:1 白:1
大国	 赤:3 黒:2 緑:2 紫:1 茶:1 黄:1 白:1
ＤＮＡ	 白:3 青:2 赤:2 緑:2 黄:1 灰:1
グラス	 白:5 青:3 橙:1 黄:1 灰:1
作家	 紫:2 茶:2 灰:2 緑:2 赤:1 橙:1 黒:1
獲得	 白:3 青:2 紫:1 赤:1 桃:1 緑:1 橙:1 黒:1
政界	 灰:6 黒:3 青:1 白:1
手段	 黒:3 白:3 橙:1 茶:1 赤:1 灰:1 緑:1
カラオケ	 黄:3 橙:2 茶:2 赤:1 灰:1 黒:1 白:1
玉	 白:4 黄:3 青:1 赤:1 茶:1 黒:1
組	 白:3 紫:1 桃:1 緑:1 青:1 橙:1 茶:1 黒:1 灰:1
娘	 桃:7 橙:2 赤:1 黄:1
スクラム	 橙:3 黒:3 青:1 赤:1 茶:1 黄:1 灰:1
サポート	 青:3 橙:3 黄:1 桃:1 灰:1 黒:1 緑:1
首	 橙:3 灰:2 白:2 紫:1 黒:1 桃:1 緑:1
本	 茶:5 青:2 黒:1 桃:1 白:1 緑:1
下着	 白:10 桃:1
理想	 桃:4 緑:3 青:2 黄:1 白:1
逆転	 黒:3 赤:2 黄:2 白:2 青:1 紫:1
場所	 茶:4 黒:3 緑:2 青:1 白:1
加盟	 緑:4 青:3 茶:2 橙:1 赤:1
判断	 黄:3 白:3 灰:2 青:1 赤:1 橙:1
接戦	 赤:5 灰:3 白:2 青:1
冒険	 緑:5 橙:2 青:1 茶:1 黄:1 黒:1
好感	 桃:5 赤:3 紫:1 青:1 橙:1
感覚	 白:3 赤:2 黄:2 青:1 茶:1 桃:1 緑:1
県警	 灰:3 黒:3 青:2 茶:1 黄:1 緑:1
生成	 緑:5 茶:2 白:2 黄:1 黒:1
飲料	 青:3 橙:2 白:2 赤:1 茶:1 黄:1 灰:1
員	 白:5 赤:2 灰:2 黄:1 緑:1
対策	 黄:4 緑:2 青:1 橙:1 赤:1 黒:1 白:1
貨物	 灰:4 茶:3 紫:1 青:1 黄:1 白:1
火炎	 赤:9 橙:1 白:1
三役	 茶:3 黄:2 緑:2 紫:1 青:1 灰:1 白:1
男女	 紫:2 桃:2 白:2 赤:1 青:1 黄:1 灰:1 黒:1
共産	 赤:5 灰:5 紫:1
電鉄	 黒:5 青:2 灰:2 橙:1 茶:1
非常	 赤:5 青:2 黄:2 橙:1 茶:1
近代	 黄:4 灰:2 青:1 紫:1 橙:1 茶:1 白:1
ザ	 黄:3 茶:2 赤:2 青:1 灰:1 黒:1 白:1
かなめ	 赤:4 黒:3 黄:2 青:1 緑:1
"公表"	 白:3 橙:2 赤:1 桃:1 緑:1 青:1 黄:1 黒:1
病院	 白:9 赤:2
弁護	 茶:2 黄:2 灰:2 白:2 紫:1 青:1 橙:1
工	 灰:3 茶:2 黄:2 白:2 黒:1 緑:1
国	 白:4 茶:2 青:1 紫:1 赤:1 黄:1 黒:1
風上	 青:6 白:3 緑:2
作業	 茶:2 橙:2 赤:2 灰:2 黒:1 白:1 緑:1
内戦	 赤:6 灰:3 紫:1 緑:1
芝居	 桃:3 白:3 紫:2 灰:2 黄:1
南西	 青:6 橙:2 赤:1 桃:1 白:1
解除	 青:3 赤:2 白:2 緑:2 灰:1 桃:1
大	 白:4 赤:3 緑:2 青:1 黄:1
チョコ	 茶:10 黒:1
ダブル	 橙:3 赤:2 青:1 茶:1 黄:1 灰:1 黒:1 緑:1
使い	 茶:3 白:3 青:2 黄:2 灰:1
提唱	 赤:2 白:2 緑:2 青:1 茶:1 橙:1 黄:1 灰:1
国会	 茶:4 黒:3 青:1 紫:1 赤:1 灰:1
砲撃	 黒:4 赤:3 茶:2 灰:1 緑:1
官邸	 白:4 青:2 紫:2 茶:1 黄:1 灰:1
通告	 赤:6 黄:2 黒:2 紫:1
自己	 黒:3 白:3 青:2 黄:1 灰:1 緑:1
トリプル	 黄:4 青:2 茶:1 赤:1 黒:1 桃:1 緑:1
精子	 白:10 青:1
ＣＳ	 灰:3 緑:2 紫:1 赤:1 青:1 橙:1 黄:1 白:1
改良	 緑:5 茶:1 赤:1 橙:1 黄:1 黒:1 白:1
便秘	 茶:6 黒:3 青:1 黄:1
刑事	 黒:5 茶:2 紫:1 赤:1 灰:1 白:1
銀行	 灰:4 青:3 白:2 黒:1 緑:1
歌手	 赤:5 白:3 茶:1 黒:1 緑:1
主役	 赤:4 黄:3 青:2 白:2
約束	 赤:4 白:3 紫:1 青:1 灰:1 緑:1
同氏	 白:4 灰:3 茶:1 赤:1 黄:1 黒:1
候補	 白:3 灰:2 緑:2 青:1 橙:1 黄:1 黒:1
旗	 白:7 茶:2 青:1 赤:1
解決	 白:7 青:2 赤:1 緑:1
休暇	 橙:2 赤:2 黒:2 緑:2 青:1 茶:1 黄:1
かまぼこ	 白:5 桃:4 茶:1 赤:1
店舗	 橙:2 赤:2 灰:2 白:2 茶:1 黄:1 緑:1
上演	 赤:3 橙:2 青:1 茶:1 黄:1 灰:1 白:1 緑:1
脚本	 白:4 青:2 赤:1 橙:1 黄:1 黒:1 緑:1
大学生	 白:4 青:3 橙:1 茶:1 黒:1 緑:1
"構図"	 緑:2 茶:2 白:2 紫:1 青:1 黄:1 灰:1 黒:1
広範	 緑:5 黄:2 白:2 青:1 赤:1
誤算	 赤:3 黒:3 黄:2 灰:2 茶:1
王者	 黄:4 赤:3 緑:2 青:1 黒:1
"発表"	 赤:4 青:3 橙:2 白:2
見出し	 赤:4 黄:2 黒:2 白:2 茶:1
税制	 灰:4 黒:3 青:2 赤:1 黄:1
院	 白:8 灰:3
業者	 緑:2 青:2 灰:2 紫:1 赤:1 茶:1 黄:1 黒:1
直面	 赤:3 黄:3 青:2 黒:1 灰:1 白:1
地上	 茶:5 緑:3 紫:1 青:1 灰:1
出足	 白:4 緑:2 青:1 赤:1 茶:1 灰:1 黒:1
湯	 白:8 桃:2 青:1
正月	 白:4 赤:3 橙:2 紫:1 青:1
夫婦	 桃:6 橙:1 黄:1 黒:1 白:1 緑:1
依頼	 青:4 白:4 橙:1 黄:1 桃:1
開放	 白:5 緑:3 橙:1 赤:1 灰:1
歓迎	 白:3 青:2 橙:2 桃:2 黒:1 緑:1
記録	 白:3 青:2 赤:1 緑:1 橙:1 茶:1 黄:1 黒:1
論争	 赤:7 灰:3 白:1
ドル高	 灰:3 青:2 赤:2 黄:2 橙:1 黒:1
刃物	 灰:5 青:2 赤:2 白:2
更新	 青:4 白:3 茶:1 赤:1 黄:1 緑:1
始め	 白:6 青:3 茶:1 黄:1
倉庫	 灰:5 茶:2 黒:2 紫:1 白:1
花	 桃:7 赤:2 紫:1 白:1
工程	 茶:3 青:2 黄:2 橙:1 灰:1 白:1 緑:1
前線	 赤:3 青:2 緑:2 橙:1 黄:1 灰:1 黒:1
在り	 茶:3 赤:3 白:2 橙:1 灰:1 緑:1
転落	 黒:4 青:2 黄:2 赤:1 橙:1 灰:1
解散	 赤:3 白:2 緑:2 紫:1 青:1 橙:1 灰:1
ガス	 灰:4 赤:2 青:1 紫:1 橙:1 黄:1 白:1
財界	 黄:4 青:2 灰:2 黒:2 橙:1
安全	 青:4 白:3 緑:2 茶:1 赤:1
宗教	 紫:5 黄:2 赤:1 灰:1 白:1 緑:1
絵画	 白:3 茶:2 橙:2 紫:1 赤:1 黄:1 灰:1
メダル	 黄:8 灰:2 橙:1
連敗	 黒:6 青:1 黄:1 灰:1 桃:1 白:1
生命	 赤:4 青:3 橙:1 桃:1 白:1 緑:1
責任	 青:7 赤:3 黒:1
波乱	 赤:6 黒:3 紫:1 灰:1
デルタ	 青:2 赤:2 黄:2 黒:2 橙:1 茶:1 白:1
意思	 白:4 青:3 赤:2 黄:1 黒:1
悪態	 黒:6 赤:2 灰:2 茶:1
"パソコン"	 黒:6 白:3 青:1 灰:1
湾	 青:5 灰:5 赤:1
納得	 緑:3 桃:2 紫:1 青:1 橙:1 茶:1 黄:1 灰:1
武装	 黒:7 茶:1 黄:1 灰:1 桃:1
目的	 白:4 青:2 赤:2 黒:2 橙:1
言葉	 白:4 青:2 緑:2 茶:1 橙:1 黒:1
出稼ぎ	 灰:3 黄:2 紫:1 赤:1 桃:1 橙:1 茶:1 黒:1
政府	 紫:2 青:2 灰:2 黒:2 黄:1 桃:1 白:1
両院	 白:3 青:2 紫:1 緑:1 橙:1 茶:1 黒:1 灰:1
国王	 赤:4 紫:2 黄:2 橙:1 黒:1 白:1
幕	 黒:4 赤:2 茶:2 紫:1 黄:1 白:1
友達	 橙:4 青:2 緑:2 黄:1 桃:1 白:1
風	 青:6 緑:3 紫:1 白:1
所	 黒:3 白:3 茶:2 灰:2 緑:1
放映	 青:3 黒:2 白:2 橙:1 桃:1 灰:1 緑:1
行動	 青:2 橙:2 赤:2 黒:2 茶:1 黄:1 白:1
新生	 白:5 青:2 緑:2 赤:1 黄:1
発効	 白:3 青:2 黄:2 赤:1 桃:1 灰:1 黒:1
法	 茶:3 灰:3 黒:2 青:1 白:1 緑:1
保持	 青:2 黄:2 灰:2 白:2 橙:1 黒:1 緑:1
重	 黒:7 紫:1 赤:1 黄:1 灰:1
父親	 茶:5 青:3 黒:2 緑:1
習慣	 橙:3 白:3 緑:2 青:1 黄:1 黒:1
補佐	 茶:5 白:3 橙:1 桃:1 緑:1
年代	 青:5 橙:1 灰:1 黒:1 桃:1 白:1 緑:1
幹線	 青:3 黒:3 白:2 緑:2 灰:1
本気	 赤:6 青:3 桃:1 白:1
恒例	 青:2 黒:2 灰:2 赤:1 桃:1 橙:1 黄:1 白:1
利用	 青:3 白:3 緑:3 黄:1 黒:1
回線	 青:3 灰:3 橙:1 黄:1 黒:1 白:1 緑:1
席	 茶:2 橙:2 白:2 緑:2 黄:1 灰:1 黒:1
北西	 白:3 橙:2 緑:2 紫:1 青:1 茶:1 黄:1
窓口	 白:4 青:3 桃:2 黒:1 灰:1
たばこ	 黒:5 白:4 灰:2
同行	 青:3 黄:2 緑:2 茶:1 橙:1 灰:1 白:1
活用	 橙:4 緑:3 青:1 黄:1 灰:1 白:1
ファイバー	 白:4 青:2 赤:1 橙:1 黄:1 灰:1 黒:1
報酬	 青:3 橙:2 白:2 赤:1 黄:1 灰:1 緑:1
政権	 灰:5 青:2 茶:1 橙:1 赤:1 黄:1
近く	 橙:2 黄:2 紫:1 赤:1 桃:1 緑:1 青:1 黒:1 白:1
雪	 白:11
後部	 黒:4 青:2 灰:2 赤:1 茶:1 白:1
追求	 黒:3 紫:2 赤:2 白:2 青:1 橙:1
火	 赤:7 橙:2 紫:1 灰:1
ウエディング	 白:7 桃:3 灰:1
通話	 黒:4 青:2 白:2 黄:1 桃:1 緑:1
打倒	 赤:6 黒:3 青:1 茶:1
在	 灰:3 茶:2 黒:2 白:2 赤:1 橙:1
リサイクル	 緑:6 灰:2 橙:1 黄:1 黒:1
本国	 白:4 茶:3 赤:2 緑:2
"構造"	 黄:4 白:3 紫:1 赤:1 灰:1 黒:1
工夫	 青:4 黄:3 緑:2 赤:1 白:1
兄弟	 緑:4 黒:3 白:2 青:1 黄:1
浮上	 白:4 青:2 灰:2 赤:1 黄:1 桃:1
コンビ	 緑:4 橙:2 青:1 紫:1 赤:1 黒:1 白:1
ワン	 白:5 赤:2 茶:2 黄:2
ピアノ	 黒:8 茶:1 黄:1 白:1
埋め立て	 茶:5 灰:4 橙:2
床	 茶:7 黒:3 黄:1
物語	 白:4 青:2 橙:2 茶:1 黒:1 灰:1
野党	 灰:3 紫:2 緑:2 青:1 茶:1 黒:1 白:1
葉	 緑:10 茶:1
母親	 赤:3 桃:3 青:2 白:2 橙:1
信者	 白:3 灰:2 紫:1 赤:1 桃:1 茶:1 橙:1 黒:1
同時	 黒:3 青:2 赤:2 黄:2 白:2
内閣	 青:2 黒:2 緑:2 紫:1 赤:1 茶:1 黄:1 灰:1
取材	 黄:2 灰:2 白:2 桃:1 青:1 茶:1 橙:1 黒:1
サラリーマン	 青:4 灰:4 黒:1 白:1 緑:1
はるか	 白:4 青:2 橙:2 黄:1 桃:1 灰:1
特許	 青:3 橙:3 黄:2 赤:1 茶:1 白:1
盤	 黒:5 茶:4 黄:1 緑:1
あまり	 緑:3 茶:2 紫:1 橙:1 赤:1 黄:1 黒:1 白:1
ボール	 白:7 灰:3 青:1
必勝	 赤:5 青:2 桃:2 白:2
動機	 黒:5 橙:2 緑:2 青:1 灰:1
ツアー	 黄:3 青:2 橙:2 白:2 茶:1 緑:1
編成	 紫:3 緑:2 青:1 茶:1 橙:1 黄:1 灰:1 黒:1
全国	 緑:4 青:3 橙:2 紫:1 黒:1
滑走	 灰:4 白:4 青:2 黄:1
基本	 白:4 緑:2 青:1 橙:1 茶:1 黄:1 桃:1
タイ	 茶:4 橙:2 黄:2 黒:2 青:1
停止	 赤:5 灰:2 青:1 黄:1 黒:1 白:1
上位	 赤:7 白:2 紫:1 黄:1
"表情"	 桃:3 白:2 紫:1 赤:1 青:1 茶:1 橙:1 黄:1
食	 橙:4 赤:2 青:1 紫:1 黄:1 白:1 緑:1
実践	 青:5 赤:2 白:2 茶:1 黄:1
被害	 赤:4 黒:4 青:1 黄:1 灰:1
オプション	 青:4 黄:3 橙:2 紫:1 黒:1
記憶	 白:4 青:2 紫:1 茶:1 黄:1 灰:1 緑:1
中毒	 紫:5 赤:3 黄:1 黒:1 灰:1
楽曲	 青:2 橙:2 赤:2 黒:2 茶:1 桃:1 白:1
各社	 灰:4 白:3 紫:1 茶:1 黒:1 緑:1
活動	 赤:5 青:2 緑:2 橙:1 黄:1
一定	 白:4 青:3 灰:2 黒:1 緑:1
Ｗ杯	 青:5 緑:3 赤:1 桃:1 白:1
庭	 緑:11
レストラン	 茶:3 橙:2 黄:2 白:2 桃:1 緑:1
事情	 茶:5 灰:3 青:1 黒:1 白:1
連休	 赤:5 緑:3 青:1 黄:1 白:1
お節	 黄:3 茶:2 紫:1 赤:1 桃:1 橙:1 灰:1 白:1
感激	 赤:4 黄:4 桃:2 橙:1
貢献	 黄:3 赤:2 緑:2 紫:1 黒:1 桃:1 白:1
地区	 緑:7 茶:2 青:1 白:1
タイミング	 黄:2 黒:2 白:2 緑:2 青:1 橙:1 灰:1
洋	 青:4 桃:1 緑:1 茶:1 橙:1 黄:1 黒:1 白:1
離脱	 赤:3 灰:3 黄:2 白:2 青:1
振興	 白:3 黒:2 緑:2 青:1 橙:1 赤:1 黄:1
式典	 緑:4 紫:3 白:3 赤:1
公認	 白:4 青:3 赤:1 黄:1 黒:1 緑:1
機器	 黒:6 灰:4 白:1
全焼	 赤:3 黒:3 灰:2 茶:1 橙:1 桃:1
加速	 青:6 赤:2 桃:1 白:1 緑:1
役	 白:3 青:2 灰:2 橙:1 黄:1 桃:1 緑:1
書類	 白:7 赤:2 灰:1 黒:1
放送	 青:6 黄:2 赤:1 灰:1 緑:1
国内外	 青:3 灰:3 黄:2 紫:1 茶:1 赤:1
大手	 赤:3 黒:3 白:2 緑:2 青:1
行使	 緑:3 黄:2 白:2 紫:1 青:1 黒:1 灰:1
社民	 青:2 赤:2 灰:2 緑:2 橙:1 茶:1 黒:1
アウト	 赤:9 黒:2
取引先	 赤:3 黄:3 青:2 灰:2 緑:1
ゴール	 白:4 青:2 黄:2 紫:1 赤:1 黒:1
クルー	 青:2 黄:2 白:2 紫:1 緑:1 橙:1 黒:1 灰:1
ショー	 黄:5 紫:2 青:2 赤:1 白:1
作	 白:5 橙:2 茶:1 黄:1 灰:1 緑:1
擁立	 緑:3 赤:2 白:2 青:1 紫:1 黄:1 黒:1
特定	 赤:6 黄:3 橙:1 緑:1
腹	 橙:4 黒:3 茶:2 黄:2
低下	 灰:5 赤:2 青:1 茶:1 黒:1 桃:1
失明	 黒:4 白:3 紫:1 赤:1 黄:1 灰:1
全長	 白:5 黒:2 青:1 橙:1 灰:1 緑:1
本格	 紫:2 橙:2 黒:2 赤:1 青:1 茶:1 黄:1 白:1
録	 赤:4 桃:3 黒:2 青:1 白:1
融合	 青:3 緑:2 紫:1 橙:1 茶:1 赤:1 黄:1 灰:1
勝利	 赤:8 青:1 黄:1 白:1
部	 紫:3 黒:3 灰:2 茶:1 赤:1 緑:1
無事	 白:4 緑:3 桃:2 青:1 黄:1
運転	 青:4 黒:4 橙:1 白:1 緑:1
抵抗	 黄:3 紫:2 黒:2 青:1 橙:1 灰:1 緑:1
プレス	 灰:4 白:3 青:1 赤:1 茶:1 黒:1
かび	 青:2 黒:2 灰:2 緑:2 紫:1 茶:1 黄:1
教員	 灰:3 青:2 赤:2 黒:2 白:2
小	 白:5 黄:2 桃:2 茶:1 赤:1
法律	 灰:4 黒:3 紫:1 青:1 赤:1 黄:1
司法	 黒:3 灰:3 茶:2 紫:1 橙:1 白:1
非難	 赤:7 黒:2 灰:1 緑:1
区域	 黒:3 緑:2 赤:1 青:1 茶:1 橙:1 灰:1 白:1
長老	 茶:4 紫:3 白:2 赤:1 灰:1
移民	 灰:4 茶:2 黄:2 紫:1 黒:1 緑:1
加熱	 赤:9 橙:1 緑:1
回答	 白:5 青:2 赤:1 橙:1 灰:1 緑:1
袋	 白:7 灰:3 茶:1
村	 緑:5 茶:4 橙:1 灰:1
学園	 白:4 茶:2 灰:2 緑:2 黄:1
禁止	 赤:7 黄:3 緑:1
思い	 青:3 橙:2 桃:2 紫:1 赤:1 白:1 緑:1
縦	 緑:4 青:3 赤:1 茶:1 灰:1 白:1
施設	 灰:4 白:4 紫:1 橙:1 茶:1
急進	 赤:6 黄:3 青:2
発生	 赤:5 黄:3 紫:1 桃:1 緑:1
廃止	 黒:5 赤:3 灰:2 紫:1
ひざ	 茶:4 黄:4 紫:1 桃:1 灰:1
中断	 赤:4 黄:3 灰:3 緑:1
チャレンジ	 赤:7 黄:2 紫:1 橙:1
入り口	 白:5 青:2 茶:1 黄:1 黒:1 桃:1
小舟	 茶:6 紫:2 青:1 灰:1 白:1
層	 茶:7 橙:1 黒:1 灰:1 桃:1
年齢	 赤:2 灰:2 桃:1 緑:1 青:1 橙:1 茶:1 黄:1 白:1
幹部	 黒:3 紫:2 赤:2 茶:2 黄:1 桃:1
復活	 白:4 橙:2 紫:1 赤:1 茶:1 黄:1 黒:1
家庭	 桃:3 青:2 白:2 赤:1 黄:1 灰:1 緑:1
難	 黒:3 紫:2 赤:2 灰:2 黄:1 緑:1
代わり	 白:3 灰:2 青:1 赤:1 黄:1 黒:1 桃:1 緑:1
マーク	 赤:3 青:2 緑:2 橙:1 黄:1 灰:1 黒:1
遺体	 灰:6 黒:2 赤:1 白:1 緑:1
小学校	 白:4 赤:2 黄:2 青:1 茶:1 灰:1
狂言	 紫:2 赤:2 茶:2 黒:2 橙:1 黄:1 白:1
入場	 赤:2 灰:2 白:2 緑:1 青:1 茶:1 黄:1 黒:1
狙い	 赤:4 黄:2 緑:2 紫:1 茶:1 灰:1
創設	 白:4 茶:3 青:2 緑:2
南	 青:4 赤:3 橙:2 紫:1 黒:1
操作	 黒:5 灰:3 青:2 黄:1
水分	 青:9 白:2
損失	 赤:7 青:1 橙:1 茶:1 黒:1
農薬	 緑:4 白:2 紫:1 赤:1 橙:1 茶:1 灰:1
自宅	 白:6 青:1 茶:1 灰:1 桃:1 緑:1
筋	 白:4 茶:3 青:1 橙:1 黄:1 桃:1
未定	 灰:5 白:5 黄:1
ミス	 赤:6 青:1 紫:1 黄:1 黒:1 灰:1
委員	 紫:2 青:2 黒:2 赤:1 茶:1 黄:1 灰:1 緑:1
ニュー	 白:5 青:2 紫:1 橙:1 黄:1 黒:1
学者	 白:6 黒:2 紫:1 赤:1 灰:1
住宅	 白:4 茶:2 青:1 橙:1 黒:1 灰:1 緑:1
税務	 黄:2 黒:2 灰:2 緑:2 青:1 桃:1 白:1
共和	 橙:3 緑:3 青:2 黄:2 桃:1
練習	 赤:3 紫:2 緑:2 青:1 橙:1 黄:1 黒:1
活性炭	 黒:9 橙:1 灰:1
列	 黄:3 茶:2 黒:2 紫:1 桃:1 灰:1 緑:1
農家	 緑:6 茶:5
デュオ	 桃:4 青:2 茶:2 白:2 緑:1
穴	 黒:6 灰:2 茶:1 白:1 緑:1
費用	 青:3 赤:2 黄:2 紫:1 茶:1 白:1 緑:1
首脳	 白:4 黒:3 紫:1 赤:1 黄:1 灰:1
戦い	 赤:5 黒:3 灰:2 青:1
商事	 橙:4 茶:2 灰:2 黒:2 青:1
館	 灰:5 茶:3 白:2 黒:1
ピーク	 赤:8 橙:1 黒:1 緑:1
出荷	 青:3 白:3 黒:2 茶:1 橙:1 黄:1
コーポレーション	 青:4 灰:2 白:2 紫:1 橙:1 緑:1
教師	 青:3 黒:2 白:2 緑:2 紫:1 赤:1
朝日	 赤:5 橙:4 青:1 黄:1
開催	 黄:3 赤:2 緑:2 青:1 橙:1 桃:1 白:1
資本	 黄:3 青:2 黒:2 緑:2 茶:1 白:1
発	 赤:2 黄:2 灰:2 白:2 黒:1 桃:1 緑:1
罪	 黒:8 紫:1 黄:1 白:1
教授	 白:4 黒:3 紫:1 茶:1 黄:1 緑:1
土	 茶:8 黄:1 黒:1 灰:1
保守	 灰:3 赤:2 青:1 茶:1 橙:1 黄:1 白:1 緑:1
隣接	 緑:5 青:2 灰:2 茶:1 橙:1
総務	 赤:2 灰:2 黒:2 白:2 青:1 紫:1 茶:1
給与	 白:4 黄:3 茶:2 青:1 緑:1
農民	 茶:5 緑:4 黄:1 白:1
駆け引き	 紫:4 赤:2 黄:2 茶:1 黒:1 灰:1
型	 灰:3 白:3 茶:2 青:1 橙:1 黒:1
人々	 橙:4 黄:2 緑:2 青:1 黒:1 灰:1
派	 白:4 青:2 灰:2 橙:1 茶:1 黄:1
遅れ	 赤:3 灰:3 茶:2 黒:2 紫:1
料金	 黄:6 黒:2 青:1 赤:1 白:1
優勝	 赤:5 黄:2 紫:1 青:1 橙:1 緑:1
経営	 青:2 茶:2 赤:2 黄:2 灰:2 黒:1
消費	 赤:4 青:2 橙:1 桃:1 黒:1 白:1 緑:1
不明	 灰:6 紫:2 黒:2 赤:1
注目	 赤:8 黄:3
テクニック	 青:3 橙:2 黄:2 赤:1 黒:1 白:1 緑:1
鏡	 白:8 紫:1 灰:1 黒:1
バックス	 黒:3 青:2 灰:2 茶:1 黄:1 白:1 緑:1
犯行	 灰:3 黒:3 青:1 紫:1 赤:1 茶:1 黄:1
面	 青:2 灰:2 黒:2 赤:1 桃:1 緑:1 茶:1 白:1
ビジョン	 黄:4 白:3 青:2 桃:1 黒:1
勝ち	 赤:6 白:2 橙:1 黄:1 黒:1
役者	 白:3 紫:2 緑:2 青:1 橙:1 黄:1 灰:1
外	 青:4 緑:4 白:2 茶:1
局長	 白:3 青:2 赤:2 黒:2 灰:1 緑:1
小結	 白:5 茶:2 黒:2 紫:1 緑:1
姿勢	 緑:5 黒:2 紫:1 橙:1 灰:1 白:1
具体	 赤:2 茶:2 橙:2 黒:2 白:2 緑:1
主流	 青:4 白:4 赤:1 黄:1 黒:1
トラック	 灰:3 青:2 茶:2 黒:2 白:2
モラル	 白:3 紫:2 青:2 黄:1 灰:1 黒:1 緑:1
事態	 黒:4 赤:2 青:1 紫:1 黄:1 灰:1 白:1
パワー	 赤:5 橙:3 青:1 桃:1 灰:1
一門	 青:2 灰:2 黒:2 緑:2 紫:1 茶:1 白:1
高速	 橙:2 黒:2 緑:2 赤:1 黄:1 灰:1 桃:1 白:1
連携	 白:4 緑:3 黄:2 青:1 赤:1
密集	 黒:5 青:1 紫:1 茶:1 赤:1 桃:1 灰:1
救助	 白:5 橙:3 青:1 赤:1 黄:1
連	 青:3 赤:3 緑:2 黄:1 桃:1 白:1
態度	 橙:3 黄:2 白:2 緑:2 青:1 黒:1
変わり	 橙:4 黄:3 茶:2 緑:2
体	 橙:3 青:2 黄:2 茶:1 赤:1 黒:1 白:1
同居	 橙:3 黄:3 黒:2 桃:1 灰:1 緑:1
賃上げ	 赤:3 茶:3 青:2 橙:2 紫:1
大統領	 紫:3 青:3 黒:2 赤:1 灰:1 白:1
為替	 茶:3 白:3 黄:2 紫:1 赤:1 灰:1
見事	 赤:3 黄:3 青:2 白:2 橙:1
アピール	 赤:5 青:2 黄:2 橙:1 桃:1
ラウンドロビン	 青:3 紫:2 黄:2 桃:2 灰:1 緑:1
見方	 青:5 灰:2 緑:2 橙:1 黒:1
軍人	 黒:8 橙:1 茶:1 灰:1
"予備"	 黄:3 白:3 橙:2 青:1 赤:1 茶:1
"表面"	 白:9 青:1 茶:1
公園	 緑:11
格差	 紫:2 茶:2 黒:2 赤:1 緑:1 青:1 黄:1 灰:1
収録	 赤:2 青:2 白:2 桃:1 緑:1 橙:1 黄:1 黒:1
チェック	 赤:5 青:2 茶:2 黄:1 黒:1
北部	 白:8 紫:2 青:1
野球	 白:3 青:2 茶:2 緑:2 黄:1 黒:1
障害	 赤:4 灰:3 黒:2 茶:1 橙:1
逆	 青:2 白:2 紫:1 茶:1 赤:1 黄:1 桃:1 黒:1 灰:1
女子大	 桃:7 赤:3 紫:1
寮	 茶:5 灰:3 紫:2 緑:1
料	 橙:2 灰:2 緑:2 青:1 赤:1 茶:1 黒:1 白:1
返還	 灰:3 青:2 赤:2 緑:2 茶:1 白:1
不足	 赤:5 黄:2 黒:2 灰:1 白:1
様子	 青:2 灰:2 黒:2 橙:1 茶:1 桃:1 白:1 緑:1
突き	 黒:4 赤:2 青:1 紫:1 茶:1 黄:1 白:1
亡命	 黒:4 赤:2 灰:2 橙:1 白:1 緑:1
成り行き	 黄:2 黒:2 灰:2 桃:2 橙:1 茶:1 緑:1
利益	 青:2 橙:2 黄:2 黒:2 赤:1 白:1 緑:1
購読	 緑:2 灰:2 黒:2 紫:1 赤:1 桃:1 青:1 黄:1
限界	 赤:7 黒:2 黄:1 灰:1
休み	 白:4 青:2 赤:2 桃:2 黄:1
推計	 橙:4 青:2 白:2 灰:1 黒:1 緑:1
シングル	 白:4 黄:2 灰:2 青:1 黒:1 桃:1
最終	 黒:4 赤:2 橙:2 紫:1 灰:1 桃:1
視聴	 白:3 赤:2 橙:2 黒:2 青:1 黄:1
合戦	 赤:5 黒:3 黄:2 白:1
金額	 黄:6 赤:4 黒:1
一般	 白:5 青:2 橙:1 桃:1 黒:1 緑:1
鑑賞	 青:5 黄:2 赤:1 橙:1 黒:1 白:1
石油	 白:4 黒:3 茶:2 赤:1 灰:1
重点	 赤:5 青:2 黒:2 灰:1 白:1
劇的	 赤:5 紫:2 橙:1 黄:1 灰:1 緑:1
衛星	 灰:3 青:2 白:2 緑:2 紫:1 橙:1
親	 橙:2 茶:2 黄:2 白:2 青:1 紫:1 黒:1
制定	 黄:4 灰:2 白:2 茶:1 橙:1 黒:1
見直し	 白:3 緑:3 青:1 赤:1 黄:1 黒:1 灰:1
加入	 赤:3 茶:2 白:2 青:1 黄:1 黒:1 灰:1
自信	 青:3 白:3 橙:2 紫:1 黄:1 黒:1
臭	 茶:5 黄:3 紫:1 灰:1 黒:1
隊員	 緑:4 灰:2 白:2 赤:1 黄:1 黒:1
婦人	 桃:5 赤:4 紫:1 橙:1
想定	 青:4 白:2 茶:1 橙:1 灰:1 桃:1 緑:1
適用	 赤:3 青:2 白:2 茶:1 黄:1 灰:1 緑:1
制度	 青:4 緑:2 茶:1 黄:1 黒:1 灰:1 白:1
ターミナル	 青:2 茶:2 灰:2 白:2 赤:1 黄:1 黒:1
ペース	 青:2 黄:2 白:2 紫:1 桃:1 茶:1 灰:1 黒:1
修正	 赤:5 白:3 青:1 黒:1 灰:1
ぼく	 白:4 黒:3 青:1 橙:1 黄:1 緑:1
政局	 黒:4 橙:2 灰:2 赤:1 黄:1 白:1
神殿	 白:4 紫:2 橙:2 灰:2 茶:1
援助	 赤:3 黄:3 黒:2 青:1 橙:1 緑:1
交換	 黄:2 白:2 紫:1 緑:1 青:1 橙:1 茶:1 灰:1 黒:1
ビデオ	 黒:7 灰:2 黄:1 白:1
首謀	 黒:5 赤:3 灰:3
標本	 茶:3 白:3 青:2 灰:2 黒:1
出国	 青:4 緑:2 赤:1 黄:1 黒:1 灰:1 白:1
有効	 赤:5 青:3 黄:2 白:1
市民	 白:3 青:2 灰:2 桃:2 茶:1 橙:1
現代	 緑:2 青:2 白:2 紫:1 赤:1 橙:1 黒:1 灰:1
話	 橙:3 黄:3 白:3 青:1 緑:1
ＣＴＢ	 白:5 黒:3 橙:1 黄:1 桃:1
好調	 赤:3 桃:3 青:2 橙:2 白:1
従業	 青:3 灰:2 緑:2 橙:1 赤:1 黄:1 黒:1
大半	 青:3 黒:2 緑:2 紫:1 橙:1 灰:1 白:1
県	 緑:5 茶:2 白:2 紫:1 青:1
省庁	 灰:5 青:2 黒:2 白:1 緑:1
再開	 黄:3 青:2 白:2 緑:2 紫:1 灰:1
告訴	 赤:4 黒:3 灰:3 白:1
日程	 白:4 青:2 黒:2 赤:1 桃:1 緑:1
作用	 青:4 赤:2 白:2 緑:2 茶:1
常務	 灰:4 緑:4 青:1 黒:1 白:1
旅行	 青:3 緑:3 橙:2 黄:1 灰:1 桃:1
コンサート	 青:3 橙:2 黄:2 紫:1 赤:1 茶:1 桃:1
反映	 紫:3 青:2 灰:2 白:2 黄:1 緑:1
橋	 灰:3 茶:2 白:2 青:1 橙:1 黄:1 黒:1
確か	 赤:3 青:2 橙:2 白:2 黒:1 緑:1
過程	 灰:3 青:2 緑:2 茶:1 赤:1 黄:1 黒:1
分子	 白:7 青:1 茶:1 橙:1 灰:1
範囲	 緑:4 白:3 黄:2 青:1 茶:1
宅配	 黄:3 青:2 緑:2 紫:1 橙:1 桃:1 灰:1
着実	 白:3 青:2 紫:1 茶:1 橙:1 黄:1 桃:1 緑:1
スワップ	 黄:5 赤:1 桃:1 黒:1 灰:1 白:1 緑:1
外貨	 黄:3 紫:2 灰:2 茶:1 橙:1 黒:1 白:1
全身	 白:5 橙:2 黄:2 青:1 茶:1
商	 青:3 灰:2 緑:2 橙:1 黄:1 黒:1 白:1
発言	 赤:3 黄:3 茶:1 橙:1 桃:1 灰:1 白:1
反応	 橙:3 茶:2 赤:2 白:2 青:1 黄:1
急行	 青:4 赤:3 黄:2 橙:1 緑:1
一家	 橙:3 青:2 白:2 紫:1 赤:1 茶:1 緑:1
指名	 赤:3 黄:3 青:2 黒:1 桃:1 白:1
戦闘	 赤:5 黒:4 橙:1 灰:1
信用	 白:6 青:1 橙:1 茶:1 灰:1 緑:1
定番	 黄:4 青:2 白:2 橙:1 灰:1 緑:1
正式	 白:5 青:3 黒:2 赤:1
常	 緑:4 青:2 橙:2 黄:2 白:1
反則	 赤:8 黄:2 黒:1
サリン	 紫:4 灰:4 青:1 赤:1 黄:1
罰金	 赤:4 黒:3 黄:2 紫:1 灰:1
チャンネル	 緑:2 白:2 紫:1 赤:1 青:1 茶:1 黄:1 黒:1 灰:1
着陸	 灰:3 茶:2 黄:2 緑:2 桃:1 白:1
届け出	 黒:4 青:2 緑:2 黄:1 灰:1 白:1
割合	 橙:2 茶:2 黒:2 紫:1 青:1 赤:1 黄:1 白:1
ＴＶ	 黒:4 茶:2 橙:1 黄:1 桃:1 白:1 緑:1
モール	 黄:3 赤:2 灰:2 紫:1 橙:1 茶:1 白:1
病	 黒:5 紫:2 赤:1 黄:1 灰:1 白:1
送電	 黄:5 橙:2 黒:2 青:1 緑:1
住所	 緑:4 灰:2 白:2 青:1 茶:1 黄:1
山荘	 緑:4 青:2 茶:1 赤:1 黒:1 灰:1 白:1
懸命	 赤:5 橙:3 青:1 黒:1 緑:1
駆使	 赤:3 黒:2 紫:1 緑:1 青:1 茶:1 灰:1 白:1
枠	 黒:4 青:2 赤:1 茶:1 橙:1 灰:1 白:1
出演	 白:5 青:2 黄:2 橙:1 緑:1
福祉	 緑:7 白:3 橙:1
やりとり	 灰:3 白:2 青:1 赤:1 橙:1 黄:1 桃:1 緑:1
比	 黄:3 桃:2 紫:1 赤:1 茶:1 橙:1 黒:1 緑:1
力士	 黄:3 黒:3 青:1 紫:1 茶:1 桃:1 白:1
組み合わせ	 白:2 赤:1 桃:1 緑:1 青:1 橙:1 茶:1 黄:1 黒:1 灰:1
下	 青:3 黒:3 灰:2 紫:1 茶:1 白:1
血	 赤:11
数字	 青:7 赤:1 黄:1 黒:1 白:1
輸入	 赤:4 青:2 橙:2 黄:2 茶:1
陣	 黒:4 赤:3 白:2 桃:1 緑:1
港	 青:9 灰:1 桃:1
領	 青:4 黒:2 白:2 茶:1 黄:1 桃:1
生	 赤:3 青:2 白:2 紫:1 橙:1 黄:1 桃:1
主催	 青:2 赤:2 白:2 茶:1 橙:1 黄:1 灰:1 緑:1
場面	 黒:3 青:2 茶:2 白:2 灰:1 緑:1
意向	 青:3 橙:2 白:2 紫:1 黒:1 桃:1 緑:1
検出	 赤:3 黒:3 橙:2 青:1 黄:1 緑:1
ランク	 青:3 黄:2 黒:2 白:2 紫:1 橙:1
脚光	 橙:3 黄:3 桃:2 白:2 紫:1
少子	 灰:4 赤:2 白:2 黄:1 桃:1 黒:1
決意	 赤:7 橙:2 青:1 白:1
技術	 青:4 黄:2 灰:2 茶:1 白:1 緑:1
任命	 青:4 黒:2 白:2 橙:1 赤:1 灰:1
決断	 赤:5 青:2 橙:1 黄:1 灰:1 黒:1
理事	 黒:4 緑:3 青:1 紫:1 茶:1 黄:1
著書	 茶:4 黒:4 青:2 白:1
文書	 黒:5 白:4 青:1 緑:1
族	 紫:3 茶:3 黒:2 白:2 赤:1
承認	 青:5 赤:2 黄:1 黒:1 白:1 緑:1
リンゴ	 赤:10 黄:1
知人	 白:5 黄:2 桃:2 灰:1 緑:1
強化	 赤:8 黄:2 黒:1
手続き	 白:5 黄:3 赤:2 黒:1
原則	 青:2 黒:2 白:2 緑:2 赤:1 茶:1 黄:1
環境	 緑:9 黄:1 桃:1
供述	 灰:6 黄:2 緑:2 白:1
是正	 白:4 青:2 茶:2 赤:1 灰:1 緑:1
当たり	 赤:10 灰:1
慎重	 青:6 赤:2 茶:1 橙:1 灰:1
占領	 赤:4 灰:3 黒:2 茶:1 白:1
商船	 灰:3 青:2 橙:2 白:2 茶:1 赤:1
通貨	 黄:3 灰:3 青:1 茶:1 黒:1 白:1 緑:1
連立	 青:3 緑:3 紫:2 黄:2 赤:1
ワイン	 赤:8 青:1 紫:1 白:1
本部	 灰:6 黒:3 青:1 白:1
株	 赤:2 黄:2 灰:2 緑:2 茶:1 橙:1 黒:1
突然	 青:3 橙:2 緑:2 紫:1 赤:1 黄:1 白:1
絵	 橙:4 緑:2 赤:1 茶:1 黄:1 桃:1 白:1
高度	 青:5 白:2 緑:2 橙:1 黄:1
病気	 赤:3 青:2 紫:2 黒:2 灰:1 緑:1
大量	 赤:2 茶:2 黒:2 灰:2 青:1 橙:1 黄:1
年明け	 白:6 赤:1 橙:1 黄:1 黒:1 緑:1
演技	 青:2 橙:2 灰:2 桃:2 赤:1 白:1 緑:1
ストップ	 赤:8 茶:1 黒:1 緑:1
集中	 青:5 赤:2 橙:1 黄:1 灰:1 黒:1
固定	 黒:4 白:3 青:1 赤:1 黄:1 緑:1
定評	 白:3 緑:3 青:2 紫:1 茶:1 黄:1
注意	 黄:7 赤:4
友人	 橙:3 白:3 緑:2 青:1 茶:1 灰:1
爆弾	 黒:7 茶:1 赤:1 灰:1 緑:1
求人	 青:3 赤:3 白:3 黄:2
腎臓	 茶:4 赤:3 黒:2 橙:1 黄:1
拘置	 黒:4 灰:4 赤:1 白:1 緑:1
目	 黒:6 茶:3 灰:1 緑:1
研究	 白:3 青:2 桃:2 灰:2 橙:1 緑:1
量	 茶:3 白:2 緑:2 黄:1 灰:1 黒:1 桃:1
上り線	 青:2 赤:2 桃:2 黒:2 白:2 橙:1
規模	 赤:2 茶:2 黄:2 桃:1 緑:1 青:1 黒:1 白:1
神社	 赤:4 茶:3 白:2 橙:1 灰:1
化粧	 白:6 桃:3 紫:1 赤:1
産業	 緑:3 青:2 灰:2 赤:1 茶:1 橙:1 黒:1
関係	 赤:2 緑:2 黄:2 紫:1 桃:1 茶:1 灰:1 白:1
ミスター	 黒:5 紫:1 青:1 茶:1 赤:1 灰:1 白:1
点	 黒:9 青:1 白:1
文字	 黒:8 青:2 紫:1
年寄り	 茶:5 灰:4 紫:1 緑:1
指示	 青:4 白:3 黒:2 茶:1 灰:1
根拠	 緑:4 白:2 青:1 赤:1 橙:1 茶:1 黒:1
設備	 茶:2 黒:2 灰:2 緑:2 青:1 黄:1 白:1
体験	 赤:3 橙:2 黒:2 青:1 茶:1 桃:1 緑:1
組合	 青:3 白:3 緑:3 黒:1 灰:1
精神	 白:4 青:2 黄:2 紫:1 赤:1 灰:1
アパート	 白:4 灰:3 茶:2 紫:1 橙:1
部員	 青:3 白:3 茶:2 黒:1 桃:1 緑:1
職員	 灰:5 黒:3 青:1 茶:1 桃:1
部隊	 黒:5 赤:2 灰:2 黄:1 緑:1
技	 緑:3 赤:2 黄:2 橙:1 灰:1 黒:1 白:1
社長	 紫:3 黒:2 白:2 青:1 茶:1 赤:1 灰:1
流行	 青:3 橙:2 赤:2 緑:2 紫:1 黄:1
名前	 黒:6 青:2 黄:1 桃:1 白:1
正常	 緑:4 青:3 白:3 桃:1
状況	 白:7 橙:1 灰:1 黒:1 緑:1
半分	 灰:4 白:3 橙:2 紫:1 黄:1
通商	 青:4 赤:2 白:2 茶:1 灰:1 緑:1
婦	 桃:6 赤:4 橙:1
前向き	 緑:4 黄:2 青:1 赤:1 橙:1 桃:1 白:1
非公式	 黒:4 灰:3 紫:1 茶:1 赤:1 黄:1
要求	 青:3 黄:3 橙:2 黒:2 赤:1
盛ん	 赤:7 黄:3 橙:1
党員	 緑:4 灰:3 茶:2 青:1 橙:1
立案	 白:3 橙:2 灰:2 青:1 紫:1 赤:1 緑:1
問題	 灰:6 赤:3 黄:1 黒:1
手術	 赤:4 白:3 黒:2 青:1 桃:1
攻勢	 赤:5 灰:2 青:1 茶:1 黄:1 黒:1
受け	 灰:3 青:2 赤:1 緑:1 橙:1 茶:1 黄:1 黒:1
演奏	 黒:3 青:2 赤:2 桃:2 茶:1 緑:1
首席	 赤:3 青:2 黒:2 白:2 紫:1 黄:1
遺棄	 灰:4 黒:3 茶:2 桃:1 白:1
現地	 茶:3 緑:3 青:1 紫:1 赤:1 黒:1 白:1
夫人	 桃:5 赤:2 白:2 紫:1 橙:1
民意	 白:4 青:2 緑:2 赤:1 黄:1 灰:1
証券	 灰:4 青:3 黒:2 橙:1 白:1
若手	 緑:7 青:2 橙:1 黄:1
通信	 青:5 灰:2 白:2 赤:1 黄:1
明記	 赤:3 黒:3 青:2 白:2 橙:1
トライ	 赤:3 青:2 黄:2 紫:1 橙:1 桃:1 白:1
公社	 灰:3 青:2 黒:2 白:2 茶:1 緑:1
像	 灰:6 黒:2 茶:1 白:1 緑:1
環流	 青:4 緑:3 橙:2 黒:1 桃:1
ハイパント	 白:5 青:2 紫:1 黄:1 黒:1 桃:1
警察	 黒:7 赤:3 橙:1
遺骨	 白:6 灰:2 茶:1 黒:1 緑:1
卑劣	 赤:5 黒:3 灰:2 青:1
冷静	 青:9 白:2
要旨	 黒:4 青:3 茶:3 灰:1
サイド	 黄:4 白:3 青:1 赤:1 桃:1 灰:1
団結	 橙:2 白:2 緑:2 紫:1 赤:1 黄:1 黒:1 桃:1
指定	 赤:3 青:2 白:2 緑:2 黄:1 黒:1
実現	 青:3 白:3 紫:1 赤:1 橙:1 黒:1 緑:1
トラブル	 赤:8 黄:2 黒:1
的	 赤:4 白:3 灰:2 黒:1 桃:1
団体	 黒:3 紫:1 赤:1 桃:1 茶:1 橙:1 黄:1 灰:1 白:1
オペラ	 黄:3 赤:2 白:2 紫:1 青:1 茶:1 灰:1
大賞	 黄:6 赤:2 紫:1 桃:1 緑:1
推進	 青:3 紫:2 黄:2 茶:1 黒:1 白:1 緑:1
楽	 桃:4 黄:2 緑:2 青:1 橙:1 白:1
震源	 黒:4 赤:3 青:1 紫:1 茶:1 白:1
エネルギー	 赤:4 黄:4 青:1 橙:1 白:1
浮き彫り	 黒:3 橙:2 緑:2 紫:1 赤:1 黄:1 白:1
誘致	 茶:2 黒:2 紫:1 赤:1 桃:1 緑:1 橙:1 灰:1 白:1
大陸	 茶:5 緑:4 黒:1 白:1
苦戦	 黒:3 茶:2 赤:2 黄:2 青:1 灰:1
Ａ	 赤:5 白:2 緑:2 黒:1 桃:1
導入	 緑:4 橙:2 灰:2 青:1 紫:1 白:1
成功	 青:3 赤:3 白:3 黄:1 緑:1
突進	 赤:6 黒:3 青:1 灰:1
店	 橙:3 青:2 黄:2 茶:1 赤:1 黒:1 緑:1
総数	 黒:4 青:3 黄:2 赤:1 緑:1
服	 白:8 紫:1 赤:1 黄:1
太刀打ち	 青:3 赤:2 白:2 茶:1 灰:1 桃:1 黒:1
ハード	 赤:3 黒:3 青:1 紫:1 灰:1 白:1 緑:1
要件	 青:4 赤:2 茶:1 橙:1 灰:1 白:1 緑:1
解雇	 黒:4 青:2 赤:2 橙:2 茶:1
商社	 灰:3 青:2 黄:2 白:2 黒:1 緑:1
基金	 緑:2 黄:2 赤:1 桃:1 青:1 橙:1 灰:1 黒:1 白:1
税金	 赤:3 茶:2 黒:2 青:1 黄:1 灰:1 白:1
新規	 白:6 緑:2 青:1 黄:1 桃:1
状	 白:4 灰:3 茶:2 青:1 黒:1
パート	 桃:2 黄:2 灰:2 紫:1 橙:1 茶:1 黒:1 白:1
口	 桃:6 赤:3 橙:1 白:1
現金	 黄:4 赤:2 青:1 茶:1 橙:1 灰:1 白:1
コミ	 灰:3 橙:2 黄:2 桃:2 白:2
ムード	 桃:4 紫:2 赤:2 橙:2 茶:1
激突	 赤:9 黄:1 灰:1
補助	 白:4 黄:3 緑:2 青:1 灰:1
局面	 赤:4 黄:2 白:2 橙:1 黒:1 緑:1
原理	 黒:5 赤:2 青:1 茶:1 灰:1 緑:1
断行	 青:3 赤:3 黒:2 紫:1 茶:1 白:1
論	 青:3 黒:3 灰:2 白:2 茶:1
市街	 緑:3 青:2 灰:2 茶:1 黄:1 黒:1 白:1
"予定"	 白:5 橙:2 青:1 黄:1 黒:1 緑:1
テーマ	 白:5 桃:2 青:1 茶:1 赤:1 黄:1
内容	 白:3 茶:2 桃:1 青:1 橙:1 黄:1 黒:1 灰:1
体調	 橙:4 黄:2 青:1 灰:1 桃:1 白:1 緑:1
現行	 白:4 青:2 紫:1 橙:1 黒:1 灰:1 緑:1
創出	 黄:3 白:3 茶:2 緑:2 桃:1
知事	 青:3 黒:3 灰:2 白:2 赤:1
主人	 白:3 青:2 紫:1 赤:1 緑:1 黄:1 黒:1 灰:1
散歩	 青:4 緑:4 橙:1 赤:1 黄:1
県議	 黒:4 青:2 紫:1 橙:1 赤:1 灰:1 緑:1
期待	 桃:4 黄:3 赤:1 橙:1 白:1 緑:1
市長	 紫:3 青:3 灰:2 茶:1 黒:1 緑:1
大学	 白:5 青:1 茶:1 橙:1 黄:1 黒:1 灰:1
囲碁	 黒:6 白:4 黄:1
統合	 黒:3 茶:2 赤:2 青:1 紫:1 黄:1 白:1
ガイド	 橙:3 緑:3 青:2 黒:2 白:1
開設	 白:4 橙:3 赤:1 灰:1 黒:1 桃:1
公団	 茶:2 灰:2 黒:2 緑:2 橙:1 赤:1 黄:1
制作	 灰:3 青:2 茶:2 白:2 橙:1 黒:1
ハイテク	 青:5 灰:3 赤:2 橙:1
推定	 青:2 赤:2 灰:2 白:2 橙:1 茶:1 緑:1
細部	 灰:3 白:3 赤:2 青:1 黄:1 黒:1
教育	 白:3 緑:3 青:2 桃:2 橙:1
活性	 赤:4 橙:3 青:1 茶:1 黄:1 緑:1
市	 白:6 緑:2 青:1 橙:1 黄:1
章	 茶:2 黄:2 灰:2 白:2 青:1 赤:1 黒:1
分散	 青:2 黄:2 紫:1 茶:1 灰:1 桃:1 黒:1 白:1 緑:1
"機能"	 青:3 橙:2 黄:2 赤:1 黒:1 灰:1 白:1
勤労	 灰:3 茶:2 黄:2 青:1 橙:1 白:1 緑:1
目撃	 赤:4 黄:2 白:2 橙:1 黒:1 灰:1
美容	 桃:9 紫:1 白:1
片手	 橙:4 黄:3 白:3 紫:1
東	 黄:4 紫:2 青:2 橙:1 赤:1 灰:1
初戦	 白:3 青:2 橙:2 赤:1 黄:1 灰:1 黒:1
"能力"	 赤:3 緑:3 紫:2 青:1 黄:1 白:1
明らか	 白:6 黄:3 青:1 赤:1
軍事	 黒:6 茶:2 紫:1 灰:1 緑:1
効率	 青:3 赤:2 黒:2 白:2 緑:2
ディスク	 灰:5 白:3 赤:2 茶:1
抑留	 灰:4 黒:2 青:1 赤:1 橙:1 白:1 緑:1
成人	 白:5 桃:3 橙:1 赤:1 緑:1
衆院	 白:3 紫:2 黒:2 青:1 赤:1 黄:1 灰:1
企業	 茶:3 灰:3 黒:2 紫:1 青:1 緑:1
喜び	 桃:4 赤:2 橙:2 黄:2 白:1
インターネット	 青:4 黄:2 白:2 赤:1 灰:1 黒:1
任務	 黄:3 青:2 白:2 赤:1 橙:1 灰:1 緑:1
辞	 黒:5 灰:2 白:2 青:1 黄:1
裏	 黒:6 紫:1 青:1 赤:1 黄:1 灰:1
問い合わせ	 黄:4 灰:2 白:2 青:1 赤:1 黒:1
介入	 黒:4 赤:3 黄:2 茶:1 白:1
通算	 茶:3 青:2 灰:2 白:2 橙:1 黒:1
"構え"	 黒:3 紫:2 灰:2 青:1 赤:1 黄:1 緑:1
危険	 赤:7 黄:3 黒:1
新人	 白:7 紫:1 灰:1 黒:1 緑:1
緊張	 赤:6 青:2 黄:1 灰:1 白:1
映像	 緑:2 青:2 黒:2 赤:1 桃:1 橙:1 黄:1 灰:1
工業	 灰:4 茶:2 黒:2 青:1 紫:1 緑:1
慣行	 白:6 青:2 黒:1 桃:1 緑:1
製造	 茶:2 灰:2 桃:2 黒:2 青:1 白:1 緑:1
用意	 白:5 青:3 緑:2 橙:1
方針	 灰:4 白:3 赤:2 青:1 紫:1
花道	 桃:5 赤:4 緑:2
取り組み	 灰:4 青:2 紫:1 橙:1 黄:1 黒:1 白:1
門下	 黄:3 黒:3 橙:2 緑:2 青:1
処分	 黒:4 灰:2 紫:1 青:1 赤:1 茶:1 緑:1
仕事	 灰:5 白:2 青:1 茶:1 橙:1 黒:1
書	 黒:8 白:3
肉体	 赤:4 黄:2 橙:1 茶:1 桃:1 白:1 緑:1
侵略	 赤:4 黒:4 灰:2 青:1
公費	 黒:4 緑:3 黄:2 紫:1 白:1
配置	 茶:3 赤:2 黒:2 紫:1 黄:1 灰:1 緑:1
"不可能"	 黒:8 灰:2 黄:1
再建	 茶:2 黄:2 黒:2 赤:1 緑:1 青:1 橙:1 白:1
気圧	 青:4 茶:2 緑:2 赤:1 灰:1 白:1
親類	 茶:3 青:2 白:2 赤:1 橙:1 黄:1 緑:1
政治	 黒:4 灰:3 紫:1 茶:1 白:1 緑:1
抱負	 青:3 赤:2 紫:1 桃:1 黄:1 黒:1 灰:1 白:1
輸出	 青:5 赤:2 黄:2 黒:1 白:1
教徒	 白:5 茶:2 紫:1 橙:1 桃:1 黒:1
当局	 黒:3 黄:2 青:1 赤:1 橙:1 灰:1 白:1 緑:1
被告	 黒:4 紫:2 茶:2 赤:2 灰:1
平和	 白:5 緑:4 青:1 黒:1
タイム	 青:3 白:3 紫:1 赤:1 黄:1 黒:1 緑:1
動き	 赤:4 青:2 緑:2 黄:1 黒:1 灰:1
設計	 茶:3 黄:3 青:1 桃:1 黒:1 白:1 緑:1
エイズ	 赤:6 紫:1 黄:1 桃:1 灰:1 白:1
辞職	 黒:4 灰:3 紫:1 赤:1 茶:1 白:1
世帯	 白:3 茶:2 緑:2 青:1 橙:1 黒:1 桃:1
将棋	 茶:8 黄:1 桃:1 白:1
対局	 赤:3 茶:2 黄:2 青:1 灰:1 黒:1 緑:1
入院	 白:7 赤:3 灰:1
レンガ	 茶:8 赤:2 黒:1
展望	 青:4 赤:1 緑:1 橙:1 茶:1 黄:1 黒:1 白:1
評判	 青:5 白:2 赤:1 黄:1 灰:1 緑:1
現実	 白:4 黒:3 茶:2 灰:2
両氏	 黒:5 緑:2 青:1 茶:1 黄:1 白:1
論文	 黒:6 白:2 青:1 茶:1 灰:1
すべて	 白:7 黒:2 灰:1 緑:1
合弁	 赤:4 茶:4 青:2 橙:1
三が日	 赤:6 紫:1 茶:1 黄:1 桃:1 白:1
変動	 赤:4 青:2 茶:2 黄:2 灰:1
中間	 灰:6 桃:2 茶:1 黄:1 白:1
懸念	 青:3 黄:2 灰:2 緑:2 紫:1 赤:1
試験	 白:4 黒:3 紫:1 青:1 黄:1 灰:1
影響	 緑:4 赤:3 紫:2 青:1 黒:1
"予想"	 青:3 赤:2 黄:2 灰:2 橙:1 白:1
回収	 灰:6 緑:2 青:1 茶:1 黄:1
入会	 白:4 青:3 緑:2 紫:1 黒:1
多様	 緑:2 青:2 橙:2 紫:1 赤:1 黄:1 黒:1 白:1
双方向	 黄:3 黒:2 緑:2 青:1 橙:1 赤:1 白:1
分担	 桃:2 黄:2 紫:1 緑:1 青:1 茶:1 灰:1 黒:1 白:1
全勝	 白:4 赤:3 緑:2 茶:1 黄:1
いじめ	 黒:5 赤:3 灰:2 緑:1
西部	 青:4 茶:2 黄:2 赤:1 橙:1 緑:1
全面	 白:3 緑:3 赤:2 青:1 灰:1 黒:1
展開	 橙:4 茶:1 黄:1 黒:1 灰:1 桃:1 白:1 緑:1
緊急	 赤:10 紫:1
人権	 赤:5 青:2 橙:1 黒:1 白:1 緑:1
研修	 緑:2 青:2 白:2 紫:1 桃:1 橙:1 黄:1 灰:1
脱帽	 白:5 紫:1 青:1 赤:1 灰:1 桃:1 黒:1
発想	 黄:6 白:3 紫:1 桃:1
決戦	 赤:8 黄:2 茶:1
弟	 緑:3 青:2 黒:2 紫:1 茶:1 橙:1 黄:1
起訴	 赤:4 黒:3 緑:2 紫:1 黄:1
中止	 赤:7 黄:2 灰:1 緑:1
大切	 桃:3 白:2 青:1 茶:1 赤:1 黄:1 黒:1 緑:1
招待	 緑:3 赤:2 黄:2 白:2 橙:1 桃:1
選手	 青:3 黄:2 白:2 緑:2 赤:1 黒:1
内務	 青:2 茶:2 灰:2 赤:1 橙:1 黄:1 黒:1 緑:1
境界	 白:3 灰:2 黒:2 青:1 赤:1 桃:1 緑:1
天然	 緑:5 白:4 桃:1 灰:1
調査	 灰:3 青:2 黒:2 紫:1 橙:1 桃:1 白:1
産	 桃:3 灰:2 白:2 青:1 赤:1 黄:1 黒:1
回復	 黄:3 緑:3 白:2 紫:1 青:1 桃:1
心	 白:4 赤:2 桃:2 青:1 橙:1 灰:1
工作	 茶:4 灰:3 黒:2 紫:1 白:1
静養	 緑:5 青:4 灰:1 白:1
決勝	 赤:6 黄:2 青:1 茶:1 黒:1
貿易	 茶:3 赤:2 紫:1 桃:1 緑:1 青:1 黒:1 灰:1
追悼	 黒:4 灰:2 青:1 紫:1 橙:1 黄:1 白:1
演説	 白:3 黄:2 緑:2 青:1 赤:1 橙:1 灰:1
輪	 青:3 橙:3 黄:2 茶:1 白:1 緑:1
新興	 赤:4 白:2 青:1 茶:1 黄:1 黒:1 灰:1
協力	 赤:3 黄:3 橙:2 緑:2 青:1
休日	 赤:5 青:2 黄:1 黒:1 白:1 緑:1
異臭	 茶:4 黒:3 紫:1 黄:1 灰:1 桃:1
名人	 紫:5 黒:2 緑:2 橙:1 白:1
文学	 黒:4 茶:3 白:2 黄:1 灰:1
基盤	 緑:4 灰:3 茶:2 青:1 白:1
社説	 灰:4 茶:2 青:1 紫:1 黄:1 黒:1 白:1
雇用	 青:2 黄:2 緑:2 茶:1 赤:1 桃:1 灰:1 黒:1
大型	 黒:4 白:2 青:1 紫:1 赤:1 黄:1 緑:1
総会	 黒:3 青:2 灰:2 赤:1 茶:1 白:1 緑:1
地	 茶:9 青:1 赤:1
チーム	 青:5 白:3 黄:2 緑:1
税	 赤:4 灰:3 茶:2 黒:2
伝統	 黒:3 茶:2 紫:1 緑:1 青:1 黄:1 灰:1 白:1
街	 灰:5 白:2 橙:1 茶:1 黄:1 緑:1
学校	 白:4 黒:2 紫:1 青:1 茶:1 灰:1 緑:1
感じ	 紫:2 橙:2 黄:2 緑:2 赤:1 黒:1 白:1
薬	 白:3 青:2 黄:2 緑:2 紫:1 灰:1
プレッシャー	 赤:4 青:2 灰:2 紫:1 黄:1 黒:1
審議	 黒:3 灰:2 白:2 紫:1 青:1 赤:1 茶:1
主張	 赤:4 青:2 橙:1 桃:1 黒:1 白:1 緑:1
総当たり	 赤:4 紫:2 橙:2 黒:2 茶:1
登山	 緑:7 茶:2 青:1 赤:1
室	 灰:4 白:4 茶:1 黒:1 緑:1
連邦	 青:3 赤:3 灰:2 黒:2 緑:1
彼	 青:7 緑:2 橙:1 黒:1
集会	 黄:4 灰:3 青:2 赤:1 緑:1
卵子	 黄:6 白:3 桃:2
アンケート	 白:9 青:1 黄:1
集	 黄:3 紫:1 赤:1 緑:1 青:1 茶:1 灰:1 黒:1 白:1
一部	 赤:4 白:4 黄:2 桃:1
管	 灰:4 青:3 紫:1 橙:1 黄:1 黒:1
最大	 赤:5 黒:2 緑:2 青:1 黄:1
人民	 黄:3 赤:2 白:2 紫:1 黒:1 灰:1 緑:1
トンネル	 黒:5 灰:4 青:1 茶:1
陸上	 青:3 白:3 茶:2 赤:2 緑:1
支店	 青:3 白:3 茶:1 黄:1 黒:1 灰:1 緑:1
製品	 白:6 黄:2 灰:2 緑:1
高齢	 茶:3 灰:2 赤:1 青:1 橙:1 黄:1 黒:1 白:1
渋滞	 灰:6 赤:2 茶:1 橙:1 黒:1
有名	 赤:5 紫:2 青:1 橙:1 白:1 緑:1
他人	 赤:3 茶:2 黄:2 灰:2 白:1 緑:1
水銀	 灰:6 白:4 青:1
種目	 緑:5 青:2 紫:1 灰:1 黒:1 白:1
林	 緑:7 青:1 橙:1 茶:1 白:1
メッセージ	 白:6 青:1 赤:1 橙:1 黄:1 桃:1
標準	 青:3 白:3 橙:1 茶:1 黄:1 灰:1 黒:1
独占	 黒:3 赤:2 白:2 青:1 橙:1 黄:1 緑:1
総理	 黒:4 灰:3 紫:1 橙:1 茶:1 黄:1
商戦	 赤:5 黄:2 青:1 茶:1 黒:1 白:1
撤退	 灰:6 紫:1 青:1 赤:1 茶:1 緑:1
ペット	 桃:4 茶:2 黒:2 白:2 橙:1
博士	 白:6 青:2 紫:1 茶:1 橙:1
メディア	 灰:3 黒:3 緑:2 茶:1 桃:1 白:1
秘書	 桃:2 白:2 青:1 紫:1 橙:1 黄:1 灰:1 黒:1 緑:1
各派	 灰:3 黒:2 白:2 橙:1 赤:1 黄:1 緑:1
キッカー	 黄:3 青:2 紫:1 赤:1 緑:1 橙:1 灰:1 黒:1
強硬	 黒:4 赤:3 黄:2 灰:2
移住	 白:3 赤:2 茶:2 灰:2 紫:1 橙:1
流通	 青:4 橙:2 灰:2 白:2 黒:1
航空	 青:9 橙:1 灰:1
マンション	 灰:6 白:4 茶:1
勢い	 赤:8 橙:2 黒:1
来	 緑:2 橙:2 灰:2 桃:1 青:1 茶:1 黄:1 白:1
女の子	 桃:6 赤:3 紫:1 緑:1
資産	 茶:5 黄:3 青:1 赤:1 緑:1
過去	 灰:3 紫:2 赤:2 黄:1 黒:1 白:1 緑:1
有力	 赤:4 青:2 緑:2 紫:1 橙:1 白:1
把握	 青:4 赤:2 黄:2 紫:1 茶:1 白:1
言明	 黄:3 橙:2 赤:2 黒:2 青:1 灰:1
普段	 緑:4 青:2 白:2 橙:1 黄:1 灰:1
終局	 灰:4 青:2 黒:2 紫:1 黄:1 白:1
発揮	 黄:3 緑:3 赤:2 橙:2 白:1
訪	 緑:6 青:1 茶:1 黄:1 灰:1 白:1
ファン	 赤:5 黄:2 桃:2 橙:1 灰:1
流れ	 青:8 赤:1 白:1 緑:1
社員	 青:5 白:2 緑:2 灰:1 黒:1
論議	 赤:2 青:2 白:2 桃:1 橙:1 茶:1 黄:1 黒:1
誘拐	 灰:5 黒:2 青:1 茶:1 黄:1 桃:1
上空	 青:8 白:2 黄:1
青年	 青:9 黒:1 緑:1
中央	 白:6 緑:2 赤:1 茶:1 灰:1
区間	 青:2 灰:2 紫:1 赤:1 茶:1 橙:1 黄:1 黒:1 白:1
難民	 黒:4 灰:3 紫:2 赤:1 茶:1
職務	 橙:3 茶:2 黒:2 青:1 灰:1 白:1 緑:1
陳述	 灰:3 黒:3 青:1 茶:1 赤:1 黄:1 緑:1
ミュージック	 赤:3 緑:3 茶:1 黄:1 灰:1 黒:1 白:1
支配	 黒:5 灰:2 紫:1 茶:1 黄:1 桃:1
大事	 赤:5 青:2 白:2 桃:1 黒:1
受賞	 黄:5 赤:4 紫:1 茶:1
主導	 青:4 黒:4 紫:1 赤:1 白:1
再現	 白:4 青:2 黄:2 灰:2 緑:1
混乱	 黄:3 赤:2 灰:2 黒:2 紫:1 茶:1
側近	 黒:2 灰:2 白:2 紫:1 青:1 赤:1 黄:1 緑:1
王	 赤:4 黄:4 青:1 紫:1 黒:1
効果	 黄:4 青:3 橙:2 黒:1 白:1
会議	 黒:5 青:1 赤:1 茶:1 黄:1 白:1 緑:1
レギュラー	 青:4 橙:2 白:2 茶:1 赤:1 黒:1
落雷	 黄:8 赤:2 白:1
会長	 茶:2 黒:2 紫:1 赤:1 緑:1 青:1 橙:1 黄:1 白:1
比較	 青:3 橙:2 灰:2 黒:2 紫:1 赤:1
衣装	 白:3 橙:2 赤:2 紫:1 青:1 黄:1 黒:1
人出	 黒:3 紫:2 茶:2 黄:2 赤:1 橙:1
菓子	 茶:5 黄:3 桃:2 赤:1
指令	 赤:2 青:2 黒:2 紫:1 橙:1 茶:1 黄:1 白:1
センター	 赤:3 灰:3 黄:2 桃:1 黒:1 白:1
カップル	 桃:8 紫:1 青:1 黒:1
様相	 白:4 紫:3 橙:1 灰:1 桃:1 緑:1
彼女	 桃:8 赤:2 橙:1
同国	 灰:3 青:2 茶:2 白:2 黄:1 黒:1
持続	 赤:3 緑:3 青:2 黄:2 白:1
積極	 赤:5 青:4 紫:1 桃:1
開幕	 赤:4 白:2 青:1 橙:1 茶:1 黄:1 緑:1
ゴールポスト	 白:7 赤:3 黄:1
着付け	 紫:4 白:3 青:1 茶:1 桃:1 緑:1
雑煮	 白:6 茶:4 黒:1
目標	 黄:4 青:3 赤:2 橙:1 桃:1
独走	 黄:3 橙:2 赤:2 青:1 黒:1 白:1 緑:1
都	 緑:3 紫:2 赤:2 青:1 茶:1 黄:1 桃:1
作品	 白:3 青:2 茶:2 黒:2 緑:2
宿泊	 白:3 緑:3 青:2 橙:2 茶:1
ブランド	 茶:3 橙:2 赤:2 黒:2 紫:1 桃:1
武力	 赤:3 黒:3 緑:2 紫:1 茶:1 灰:1
疑い	 黒:4 紫:3 赤:1 橙:1 黄:1 灰:1
列島	 緑:7 茶:3 青:1
ＣＤ	 灰:4 白:3 青:2 赤:1 緑:1
食品	 橙:3 緑:3 黄:2 白:2 茶:1
実行	 紫:2 赤:2 白:2 青:1 橙:1 茶:1 黄:1 黒:1
手配	 赤:3 灰:2 白:2 緑:2 紫:1 黒:1
息	 白:8 青:1 茶:1 桃:1
営業	 橙:2 黒:2 白:2 赤:1 緑:1 茶:1 黄:1 灰:1
認可	 青:3 赤:3 白:2 橙:1 黄:1 緑:1
アメリカン	 赤:5 青:2 紫:1 茶:1 黄:1 緑:1
ダム	 灰:5 青:4 黒:1 白:1
勝者	 赤:5 白:3 黄:2 青:1
必至	 赤:6 黒:2 橙:1 桃:1 白:1
関脇	 緑:3 灰:2 白:2 青:1 橙:1 茶:1 黄:1
ボート	 白:8 青:2 灰:1
隊	 赤:3 青:2 茶:2 灰:2 緑:2
党派	 灰:4 緑:3 赤:1 橙:1 黒:1 白:1
希望	 黄:5 青:2 白:2 桃:1 緑:1
強烈	 赤:8 茶:2 橙:1
違い	 灰:4 茶:3 赤:1 黄:1 黒:1 白:1
先輩	 青:4 赤:2 桃:2 紫:1 橙:1 黄:1
配達	 赤:3 青:2 黒:2 茶:1 黄:1 灰:1 緑:1
派遣	 青:2 橙:2 白:2 赤:1 緑:1 黄:1 灰:1 黒:1
画期的	 黄:5 赤:2 青:1 桃:1 白:1 緑:1
象徴	 白:4 紫:2 赤:2 茶:1 黄:1 緑:1
行政	 白:6 黒:2 紫:1 青:1 灰:1
銀	 灰:6 白:4 桃:1
起点	 赤:6 青:1 橙:1 黄:1 白:1 緑:1
スター	 黄:9 赤:2
急増	 赤:6 青:2 黄:1 黒:1 灰:1
もと	 茶:4 白:4 黒:2 赤:1
インターナショナル	 黄:5 白:3 橙:2 青:1
自殺	 黒:6 赤:2 紫:1 灰:1 白:1
地下	 灰:4 茶:3 黒:2 紫:1 青:1
福袋	 赤:9 黄:1 桃:1
伸び	 青:3 黄:3 白:2 橙:1 黒:1 緑:1
疲労	 灰:4 青:2 赤:2 紫:1 茶:1 黒:1
不妊	 灰:4 白:2 青:1 橙:1 茶:1 桃:1 黒:1
段階	 黒:3 橙:2 黄:2 灰:2 白:2
合理	 赤:4 青:2 白:2 緑:2 橙:1
メード	 白:4 黒:3 茶:1 黄:1 桃:1 緑:1
路	 灰:8 茶:1 橙:1 緑:1
反	 赤:2 茶:2 黒:2 灰:2 黄:1 桃:1 白:1
見もの	 桃:3 青:2 黄:2 紫:1 赤:1 橙:1 緑:1
氷	 白:6 青:4 緑:1
最多	 赤:3 黒:2 白:2 茶:1 橙:1 灰:1 緑:1
票	 白:6 青:2 黒:2 茶:1
工場	 灰:6 白:3 茶:2
念頭	 黒:3 白:2 紫:1 赤:1 桃:1 青:1 黄:1 灰:1
大会	 青:2 赤:2 橙:2 白:2 黄:1 黒:1 緑:1
手	 橙:3 茶:2 黄:2 桃:2 紫:1 黒:1
経験	 赤:2 黄:2 緑:2 青:1 橙:1 黒:1 桃:1 白:1
体操	 白:5 青:4 茶:1 緑:1
電気	 黄:4 橙:3 黒:2 青:1 赤:1
自動車	 灰:4 黒:4 白:2 紫:1
知的	 白:6 青:3 紫:1 赤:1
コンテスト	 黄:3 赤:2 白:2 紫:1 青:1 黒:1 緑:1
出火	 赤:9 橙:2
特別	 赤:3 黄:3 橙:2 紫:1 桃:1 白:1
国籍	 青:3 赤:3 白:2 紫:1 黄:1 黒:1
勉強	 赤:3 黒:3 青:2 灰:2 白:1
母体	 橙:3 桃:3 赤:2 黒:1 白:1 緑:1
同点	 青:4 黄:3 橙:1 黒:1 灰:1 緑:1
定着	 白:4 緑:2 紫:1 青:1 赤:1 黒:1 灰:1
復興	 緑:7 青:1 黒:1 灰:1 桃:1
パチンコ	 黄:4 灰:2 白:2 青:1 赤:1 黒:1
家	 白:3 赤:2 橙:2 青:1 茶:1 黒:1 灰:1
ロープウェイ	 緑:4 白:2 青:1 赤:1 茶:1 黒:1 灰:1
取りやめ	 灰:3 赤:2 緑:2 青:1 茶:1 黄:1 黒:1
装飾	 桃:3 青:2 紫:2 黄:2 橙:1 白:1
スタンド	 灰:4 青:3 茶:1 黄:1 黒:1 緑:1
液	 白:5 赤:2 青:1 茶:1 黒:1 緑:1
調停	 青:2 赤:2 桃:2 灰:2 茶:1 黄:1 緑:1
コース	 緑:3 橙:2 茶:2 白:2 黄:1 黒:1
変化	 黄:3 青:2 灰:2 紫:1 赤:1 橙:1 緑:1
財政	 黄:4 青:2 紫:1 赤:1 黒:1 灰:1 緑:1
検査	 灰:3 白:3 緑:3 赤:1 茶:1
診断	 白:4 灰:3 青:1 橙:1 赤:1 緑:1
人員	 灰:5 黄:2 青:1 橙:1 茶:1 白:1
通用	 緑:2 青:2 黒:2 赤:1 橙:1 茶:1 灰:1 白:1
地域	 茶:5 緑:4 灰:1 白:1
カメラ	 黒:8 黄:2 緑:1
軸	 黒:4 青:3 紫:1 黄:1 桃:1 灰:1
店員	 青:3 赤:3 白:3 橙:1 緑:1
考え	 橙:2 黒:2 白:2 紫:1 赤:1 桃:1 青:1 茶:1
支出	 赤:6 黄:2 青:1 黒:1 緑:1
工事	 黄:5 灰:3 黒:2 茶:1
文様	 茶:3 黒:3 紫:1 青:1 黄:1 灰:1 緑:1
食糧	 茶:3 緑:3 白:2 赤:1 橙:1 黄:1
タック	 灰:3 赤:2 黒:2 青:1 茶:1 白:1 緑:1
焼却	 灰:5 赤:4 橙:1 黒:1
体力	 赤:5 青:2 橙:2 白:1 緑:1
山頂	 青:5 茶:3 橙:1 白:1 緑:1
帆走	 白:5 青:2 橙:1 赤:1 黄:1 黒:1
コスト	 赤:4 黒:3 青:2 茶:1 白:1
関連	 灰:3 青:2 赤:2 茶:2 橙:1 桃:1
西	 赤:2 黄:2 白:2 緑:2 青:1 橙:1 灰:1
劇場	 茶:4 橙:3 紫:1 黄:1 白:1 緑:1
黒人	 黒:10 灰:1
初もうで	 赤:4 白:4 紫:1 橙:1 茶:1
国々	 緑:4 茶:3 白:2 赤:1 灰:1
我々	 白:3 緑:2 紫:1 赤:1 青:1 茶:1 橙:1 黒:1
最新	 白:6 青:1 赤:1 黄:1 桃:1 緑:1
区	 緑:4 紫:3 黄:2 青:1 桃:1
設定	 青:4 白:3 灰:2 黒:2
かるた	 白:4 緑:4 黄:2 灰:1
国営	 青:2 灰:2 白:2 紫:1 赤:1 緑:1 黄:1 黒:1
ライン	 白:5 赤:3 青:1 黄:1 緑:1
主	 黒:4 白:4 紫:1 茶:1 黄:1
志向	 白:4 青:1 赤:1 茶:1 黄:1 桃:1 黒:1 灰:1
主体	 白:4 青:2 黒:2 橙:1 桃:1 灰:1
極	 白:4 赤:2 灰:2 青:1 黒:1 緑:1
負傷	 赤:8 紫:1 黄:1 緑:1
守り	 黄:3 緑:2 青:1 紫:1 茶:1 橙:1 灰:1 白:1
リサーチ	 青:5 赤:1 黄:1 灰:1 黒:1 桃:1 白:1
講座	 青:4 黒:2 緑:2 黄:1 灰:1 白:1
進出	 赤:5 青:3 紫:1 黒:1 緑:1
勝負	 赤:6 青:2 橙:1 黄:1 白:1
人生	 白:4 灰:2 紫:1 橙:1 赤:1 黄:1 黒:1
正規	 白:6 黒:2 青:1 赤:1 桃:1
通訳	 白:4 青:3 橙:2 赤:1 桃:1
ミニ	 桃:5 白:3 赤:1 茶:1 黄:1
アップ	 赤:4 白:3 黒:2 橙:1 黄:1
大相撲	 茶:4 白:3 赤:2 紫:1 橙:1
収支	 青:4 白:3 赤:2 茶:1 灰:1
就職	 青:3 緑:3 黒:2 橙:1 赤:1 黄:1
国際	 青:3 黄:2 赤:1 緑:1 橙:1 茶:1 黒:1 灰:1
デザイナー	 紫:4 橙:2 白:2 黒:1 桃:1 緑:1
大関	 青:2 紫:2 黄:2 白:2 橙:1 黒:1 緑:1
一方	 白:3 青:2 黄:2 茶:1 赤:1 黒:1 灰:1
さまざま	 緑:4 茶:3 灰:2 橙:1 白:1
所得	 青:2 黄:2 紫:1 赤:1 桃:1 緑:1 橙:1 黒:1 白:1
見通し	 青:4 白:2 緑:2 紫:1 赤:1 黒:1
コンピューター	 灰:3 白:3 青:2 橙:1 赤:1 黒:1
祝賀	 赤:7 紫:1 桃:1 黒:1 白:1
僕	 青:5 黒:4 桃:1 白:1
ささやか	 桃:5 白:2 紫:1 橙:1 茶:1 黒:1
ゼネコン	 灰:4 橙:2 黒:2 赤:1 茶:1 白:1
艇	 白:5 青:3 灰:2 赤:1
重傷	 赤:8 紫:1 黒:1 灰:1
台	 茶:6 白:2 青:1 黒:1 緑:1
山ろく	 緑:7 茶:1 橙:1 黄:1 灰:1
公邸	 黒:3 白:3 紫:1 赤:1 茶:1 黄:1 緑:1
収容	 灰:5 黒:3 白:3
人間	 灰:3 黄:2 白:2 青:1 橙:1 茶:1 緑:1
容量	 白:5 青:3 赤:1 黄:1 緑:1
銭湯	 青:5 白:3 黄:1 灰:1 緑:1
計画	 白:6 青:2 黄:1 黒:1 灰:1
事項	 黒:4 白:3 緑:2 橙:1 赤:1
手口	 灰:4 赤:2 黄:2 紫:1 黒:1 緑:1
窓	 青:6 白:3 紫:1 桃:1
ＧＫ	 白:4 緑:3 青:1 黄:1 黒:1 灰:1
エア	 白:6 青:4 赤:1
拡大	 白:4 黄:3 赤:1 橙:1 黒:1 緑:1
倍増	 赤:4 青:1 橙:1 黄:1 黒:1 灰:1 白:1 緑:1
船籍	 青:3 灰:3 白:2 茶:1 黄:1 黒:1
改造	 灰:4 黄:2 青:1 橙:1 赤:1 黒:1 緑:1
実感	 緑:3 青:2 赤:2 橙:1 灰:1 黒:1 白:1
張り紙	 赤:2 青:2 白:2 紫:1 緑:1 茶:1 橙:1 灰:1
ハーフ	 灰:5 茶:2 黄:2 紫:1 青:1
記者	 灰:5 緑:3 黄:2 青:1
カップ	 白:5 青:1 茶:1 橙:1 黄:1 灰:1 桃:1
復旧	 青:5 黄:2 紫:1 橙:1 赤:1 緑:1
人形	 白:3 茶:2 桃:2 青:1 黄:1 黒:1 灰:1
再選	 緑:5 赤:2 黄:2 青:1 白:1
制限	 赤:4 黄:3 黒:3 紫:1
部長	 青:4 茶:2 黒:2 黄:1 灰:1 白:1
事業	 黒:3 灰:3 茶:2 緑:2 青:1
特有	 橙:3 茶:2 黄:2 紫:1 桃:1 黒:1 白:1
語	 青:2 黒:2 白:2 緑:2 赤:1 黄:1 灰:1
酒	 白:6 赤:2 青:1 黄:1 緑:1
ダメ	 赤:5 黒:4 青:1 黄:1
刑	 黒:6 赤:3 橙:1 灰:1
世界	 緑:5 青:4 紫:1 黄:1
摘発	 赤:3 黒:2 緑:2 青:1 黄:1 灰:1 白:1
過激	 赤:8 紫:2 黒:1
段	 茶:4 灰:3 黄:2 橙:1 黒:1
序盤	 白:5 茶:2 灰:2 緑:2
社	 灰:4 茶:2 橙:1 黒:1 桃:1 白:1 緑:1
漂流	 青:7 灰:2 黒:1 白:1
重要	 赤:9 白:1 緑:1
権利	 青:6 黒:2 緑:2 橙:1
激減	 赤:5 黒:3 紫:1 茶:1 灰:1
秩序	 緑:2 黒:2 白:2 青:1 橙:1 茶:1 黄:1 灰:1
兵	 黒:4 灰:2 白:2 緑:2 青:1
容疑	 灰:6 黒:2 赤:1 橙:1 白:1
基	 黒:4 茶:2 黄:2 白:2 青:1
先	 白:4 青:2 赤:2 橙:1 茶:1 緑:1
参加	 緑:4 青:3 赤:1 橙:1 灰:1 白:1
メジャー	 赤:3 青:2 黒:2 緑:2 茶:1 白:1
写真	 青:5 黒:2 白:2 灰:1 緑:1
実質	 青:2 茶:2 黒:2 紫:1 桃:1 橙:1 灰:1 白:1
基礎	 白:3 緑:3 茶:2 紫:1 青:1 灰:1
激戦	 赤:8 橙:1 黄:1 黒:1
船	 白:4 青:2 紫:2 赤:1 黒:1 灰:1
年度	 黄:3 橙:2 黒:2 紫:1 赤:1 灰:1 白:1
業務	 灰:3 黒:3 青:1 橙:1 茶:1 黄:1 緑:1
パターン	 青:5 黒:2 橙:1 茶:1 黄:1 灰:1
一覧	 白:4 青:3 黒:3 緑:1
残留	 青:3 茶:2 灰:2 白:2 橙:1 緑:1
室長	 白:3 青:2 緑:2 紫:1 橙:1 茶:1 黒:1
芸術	 紫:2 赤:2 白:2 桃:1 橙:1 黄:1 灰:1 黒:1
乗客	 緑:3 青:2 橙:2 紫:1 黄:1 桃:1 白:1
学会	 黒:3 黄:2 白:2 青:1 赤:1 灰:1 緑:1
再生	 白:5 緑:3 青:2 黒:1
客	 黒:4 茶:2 緑:2 橙:1 黄:1 桃:1
夫妻	 桃:6 青:2 茶:1 赤:1 黄:1
視察	 青:3 白:3 紫:1 橙:1 黄:1 灰:1 黒:1
財	 黄:3 紫:2 赤:2 橙:1 茶:1 灰:1 桃:1
拒否	 黒:4 灰:3 茶:2 紫:1 赤:1
人質	 紫:2 赤:2 黒:2 桃:2 灰:2 橙:1
ベビー	 赤:3 桃:3 白:2 紫:1 橙:1 黒:1
新春	 桃:7 黄:2 赤:1 緑:1
水素	 青:6 白:5
強	 赤:5 灰:2 青:1 茶:1 黒:1 桃:1
"代表"	 白:4 青:3 赤:2 紫:1 黒:1
マスターズ	 灰:3 青:2 黄:2 緑:2 黒:1 白:1
領域	 青:3 白:3 茶:2 紫:1 灰:1 緑:1
マルチメディア	 青:3 橙:2 緑:2 茶:1 黄:1 灰:1 白:1
取得	 青:2 黄:2 灰:2 白:2 茶:1 橙:1 緑:1
年	 白:3 茶:2 桃:2 青:1 赤:1 灰:1 黒:1
経済	 赤:3 黒:3 黄:2 青:1 茶:1 白:1
抗議	 赤:8 青:1 黄:1 黒:1
令	 青:2 赤:2 黄:2 白:2 茶:1 灰:1 黒:1
人物	 黒:3 橙:2 黄:2 青:1 茶:1 桃:1 白:1
ワールド	 緑:4 青:3 白:2 紫:1 橙:1
自分	 白:5 黒:2 青:1 茶:1 黄:1 灰:1
元締め	 茶:3 黒:3 紫:2 緑:2 白:1
インター	 白:4 灰:2 紫:1 青:1 赤:1 黄:1 緑:1
児童	 黄:3 桃:2 白:2 緑:2 青:1 茶:1
テレビ	 黒:7 茶:1 赤:1 橙:1 桃:1
めど	 青:3 黄:3 茶:2 黒:1 桃:1 緑:1
状態	 白:3 青:2 赤:2 黄:2 灰:1 緑:1
中	 白:4 灰:3 茶:1 赤:1 黒:1 桃:1
食事	 白:6 赤:1 黄:1 黒:1 桃:1 緑:1
防衛	 灰:3 橙:2 青:1 茶:1 黄:1 桃:1 白:1 緑:1
透明	 白:9 青:1 黄:1
アドバイス	 青:4 緑:3 白:2 赤:1 黄:1
差額	 黄:3 灰:3 茶:2 青:1 橙:1 黒:1
妻	 桃:6 赤:2 橙:2 白:1
防御	 灰:3 青:2 茶:2 赤:1 黄:1 黒:1 白:1
諮問	 白:3 茶:2 黒:2 灰:2 青:1 黄:1
スキー	 白:9 青:1 紫:1
最後	 黒:4 緑:2 青:1 赤:1 灰:1 桃:1 白:1
塩	 白:9 黄:1 灰:1
多く	 青:2 赤:2 茶:2 黒:2 橙:1 黄:1 緑:1
端末	 灰:3 黒:3 緑:2 青:1 橙:1 赤:1
歳末	 赤:5 白:4 青:1 灰:1
痛み	 赤:6 灰:3 青:1 橙:1
セール	 赤:7 黄:2 青:1 桃:1
確実	 黄:3 白:3 紫:1 青:1 赤:1 橙:1 緑:1
育成	 青:3 橙:2 桃:2 白:2 黄:1 緑:1
デジタル	 黒:3 灰:3 緑:3 黄:1 白:1
悪	 黒:10 灰:1
卒業	 白:4 黒:3 青:1 茶:1 黄:1 桃:1
通報	 赤:5 黄:2 黒:2 白:2
右	 赤:3 橙:2 青:1 茶:1 灰:1 黒:1 白:1 緑:1
ドキュメンタリー	 緑:2 黄:2 白:2 紫:1 青:1 茶:1 黒:1 灰:1
車	 黒:4 灰:3 青:2 赤:1 白:1
無視	 黒:5 灰:2 白:2 紫:1 青:1
指導	 赤:5 青:3 紫:1 黒:1 白:1
横	 黄:4 茶:2 緑:2 黒:1 灰:1 白:1
旅	 白:3 緑:3 青:1 赤:1 橙:1 茶:1 桃:1
要員	 青:2 白:2 紫:1 赤:1 桃:1 橙:1 黄:1 灰:1 黒:1
手法	 茶:3 黒:2 白:2 緑:2 橙:1 赤:1
会派	 黒:3 白:3 灰:2 青:1 紫:1 橙:1
医師	 白:8 赤:1 茶:1 灰:1
受諾	 青:3 茶:2 橙:2 黒:2 白:1 緑:1
ラグビー	 茶:7 緑:2 赤:1 黒:1
難航	 灰:5 黒:2 紫:1 茶:1 赤:1 黄:1
一致	 青:3 赤:2 黒:2 白:2 橙:1 緑:1
棋譜	 茶:4 白:3 灰:2 青:1 紫:1
継続	 青:3 緑:3 黄:2 橙:1 黒:1 白:1
対戦	 赤:7 青:1 紫:1 黄:1 黒:1
財団	 黄:5 灰:3 青:1 黒:1 白:1
最悪	 黒:8 紫:2 赤:1
祭	 赤:4 黄:2 紫:1 青:1 橙:1 茶:1 緑:1
匹敵	 赤:5 黄:2 灰:2 黒:1 緑:1
汚職	 黒:6 赤:2 灰:2 緑:1
デッキ	 白:5 茶:3 青:2 黒:1
局	 黄:4 紫:1 赤:1 茶:1 橙:1 灰:1 黒:1 白:1
立ち上がり	 白:4 緑:3 橙:2 青:1 黄:1
山岳	 茶:6 橙:1 黄:1 桃:1 灰:1 緑:1
革命	 赤:10 青:1
共同	 緑:4 青:3 橙:2 赤:1 白:1
維持	 青:3 黄:2 緑:2 橙:1 茶:1 灰:1 黒:1
夫	 青:3 黒:3 桃:2 茶:1 灰:1 緑:1
助教授	 白:3 青:2 茶:2 紫:1 橙:1 灰:1 緑:1
地球	 青:10 緑:1
ホテル	 白:4 紫:2 赤:2 橙:1 黒:1 桃:1
批判	 黒:3 赤:2 黄:2 桃:2 灰:1 白:1
ドラム缶	 茶:4 灰:3 緑:3 黒:1
南部	 橙:4 青:2 茶:2 赤:1 桃:1 黒:1
捕虜	 灰:6 黒:2 茶:1 黄:1 白:1
経費	 青:2 茶:2 黄:2 黒:2 赤:1 灰:1 緑:1
繁殖	 桃:3 緑:3 青:2 紫:1 赤:1 黒:1
講習	 青:3 灰:3 緑:2 茶:1 赤:1 白:1
ブーム	 赤:4 青:3 黄:2 紫:1 白:1
発動	 赤:6 黒:2 紫:1 青:1 橙:1
対処	 赤:3 青:2 茶:2 灰:2 黒:1 白:1
資格	 白:3 青:2 桃:2 赤:1 黄:1 灰:1 緑:1
ディフェンス	 青:4 黄:2 灰:2 茶:1 白:1 緑:1
"構成"	 緑:3 黒:2 白:2 紫:1 茶:1 赤:1 灰:1
美術	 赤:5 茶:2 紫:1 黒:1 白:1 緑:1
バス	 緑:3 黄:2 白:2 紫:1 青:1 橙:1 茶:1
停戦	 灰:5 緑:2 青:1 紫:1 赤:1 黄:1
戦力	 赤:7 灰:1 黒:1 白:1 緑:1
居住	 茶:5 白:2 橙:1 黄:1 桃:1 灰:1
敗退	 赤:2 青:2 灰:2 紫:1 茶:1 黄:1 黒:1 白:1
指摘	 赤:3 黒:2 青:1 紫:1 橙:1 黄:1 灰:1 白:1
建築	 茶:3 灰:2 白:2 青:1 桃:1 黒:1 緑:1
過半数	 青:3 赤:2 白:2 紫:1 橙:1 黒:1 緑:1
種	 茶:6 青:1 赤:1 橙:1 黄:1 緑:1
署	 黒:5 青:2 灰:2 白:2
総合	 青:3 橙:2 緑:2 紫:1 赤:1 黄:1 白:1
舞台	 茶:5 白:3 青:1 赤:1 緑:1
労	 茶:5 灰:2 青:1 赤:1 黄:1 桃:1
映画	 黒:5 青:2 紫:1 赤:1 茶:1 白:1
学部	 黒:3 青:2 黄:2 緑:2 灰:1 白:1
役割	 青:6 緑:2 赤:1 黄:1 白:1
フットボール	 白:6 青:1 茶:1 橙:1 黒:1 緑:1
建物	 灰:5 白:2 紫:1 青:1 黄:1 黒:1
チャンピオン	 黄:5 赤:3 青:1 橙:1 灰:1
管区	 灰:3 緑:3 赤:2 紫:1 青:1 橙:1
モデル	 紫:2 赤:2 黄:2 桃:2 白:2 橙:1
信任	 青:3 黄:2 白:2 紫:1 赤:1 灰:1 緑:1
調印	 赤:5 黄:2 茶:1 桃:1 灰:1 黒:1
改正	 白:4 赤:3 青:2 黒:1 桃:1
近所	 橙:3 茶:2 灰:2 緑:2 赤:1 白:1
連続	 赤:5 青:3 桃:2 緑:1
広報	 青:3 黄:3 橙:1 赤:1 灰:1 白:1 緑:1
手紙	 白:11
信頼	 緑:4 青:2 白:2 赤:1 桃:1 黒:1
資料	 白:7 青:1 茶:1 橙:1 灰:1
中小	 白:4 赤:3 黄:2 茶:1 黒:1
運動	 青:3 赤:2 黒:2 灰:2 紫:1 橙:1
番号	 黒:5 白:2 青:1 橙:1 灰:1 緑:1
拍車	 赤:4 紫:1 青:1 茶:1 黄:1 灰:1 黒:1 白:1
評論	 灰:3 白:2 赤:1 緑:1 橙:1 茶:1 黄:1 黒:1
ジュース	 橙:6 黄:2 茶:1 桃:1 黒:1
一気	 赤:5 黄:2 緑:2 青:1 白:1
主義	 青:3 黒:3 赤:2 白:2 紫:1
心配	 灰:6 青:1 紫:1 橙:1 赤:1 黄:1
"表"	 白:6 灰:3 青:1 赤:1
医療	 白:8 青:1 黄:1 緑:1
後ろ	 黒:6 茶:2 紫:1 桃:1 緑:1
案	 青:2 赤:2 黒:2 白:2 橙:1 桃:1 緑:1
重視	 赤:4 黄:2 黒:2 青:1 白:1 緑:1
全権	 黄:3 黒:2 紫:1 赤:1 桃:1 青:1 茶:1 白:1
"ペソ"	 黄:4 白:3 茶:2 青:1 灰:1
民	 黄:2 白:2 紫:1 赤:1 緑:1 青:1 橙:1 茶:1 黒:1
ボイコット	 赤:4 紫:2 黒:2 黄:1 灰:1 白:1
分け	 黄:3 灰:3 白:2 青:1 赤:1 黒:1
キャスター	 白:7 灰:2 黄:1 緑:1
各国	 橙:2 茶:2 黒:2 白:2 青:1 黄:1 灰:1
速度	 青:5 黄:2 橙:1 桃:1 白:1 緑:1
待ち	 茶:3 赤:3 灰:2 黄:1 桃:1 白:1
沿い	 灰:5 緑:3 青:1 茶:1 白:1
ふるさと	 緑:8 紫:1 黄:1 黒:1
生活	 青:3 黄:2 白:2 紫:1 橙:1 灰:1 緑:1
温泉	 白:5 青:2 茶:1 黄:1 灰:1 緑:1
徹底	 黒:5 赤:3 茶:2 灰:1
刊行	 黒:2 灰:2 白:2 青:1 茶:1 赤:1 黄:1 緑:1
包括	 橙:2 黒:2 白:2 紫:1 赤:1 黄:1 灰:1 緑:1
打診	 青:4 灰:2 白:2 橙:1 黄:1 緑:1
システム	 青:5 灰:2 紫:1 橙:1 黒:1 白:1
顔	 橙:3 黄:3 白:2 赤:1 茶:1 黒:1
舵	 青:4 茶:3 灰:2 緑:2
制裁	 赤:5 黒:4 青:1 黄:1
信号	 赤:7 緑:3 黒:1
運転手	 青:3 茶:2 黄:2 白:2 黒:1 灰:1
新聞	 灰:11
マネー	 黄:7 赤:1 橙:1 茶:1 灰:1
中執	 青:3 赤:3 茶:2 紫:1 黄:1 灰:1
湯船	 青:3 白:3 紫:1 茶:1 橙:1 灰:1 黒:1
熱気	 赤:8 橙:1 桃:1 白:1
宣言	 赤:3 橙:2 黒:2 紫:1 青:1 茶:1 白:1
ラッシュ	 赤:3 灰:3 紫:1 橙:1 茶:1 黄:1 黒:1
デリバティブ	 茶:2 黄:2 赤:1 桃:1 緑:1 青:1 橙:1 灰:1 白:1
定例	 赤:4 緑:3 紫:1 橙:1 灰:1 白:1
出資	 青:2 橙:2 赤:2 黄:2 灰:1 黒:1 緑:1
説明	 青:4 黒:2 白:2 赤:1 黄:1 緑:1
遊女	 桃:7 赤:2 紫:1 黒:1
ＦＢ	 青:6 黄:2 赤:1 橙:1 黒:1
府警	 青:3 白:3 黒:2 紫:1 赤:1 灰:1
理由	 青:4 黄:3 橙:1 茶:1 灰:1 緑:1
得意	 青:4 赤:2 紫:1 橙:1 黒:1 白:1 緑:1
帰り	 黒:3 茶:2 黄:2 紫:1 赤:1 桃:1 灰:1
読者	 桃:2 白:2 緑:2 紫:1 茶:1 橙:1 黄:1 黒:1
輸送	 青:2 紫:2 茶:2 橙:1 黄:1 黒:1 灰:1 白:1
先進	 白:4 青:3 緑:2 茶:1 黄:1
育英	 黄:3 緑:3 橙:2 青:1 灰:1 桃:1
ドナー	 赤:3 茶:2 桃:2 白:2 橙:1 緑:1
収入	 白:4 黄:3 青:2 茶:1 緑:1
室料	 白:3 黄:2 灰:2 緑:2 紫:1 青:1
漁業	 青:8 茶:1 灰:1 黒:1
賞	 黄:5 紫:2 赤:2 黒:1 桃:1
復路	 緑:2 灰:2 白:2 赤:1 桃:1 青:1 茶:1 黒:1
通過	 青:3 緑:3 白:2 茶:1 灰:1 黒:1
願い	 白:5 青:2 橙:2 紫:1 緑:1
地点	 茶:4 黒:3 白:2 赤:1 黄:1
移転	 白:3 茶:2 赤:2 黒:2 青:1 橙:1
全員	 青:3 黒:2 白:2 紫:1 茶:1 橙:1 緑:1
豊か	 緑:4 青:1 赤:1 橙:1 黄:1 桃:1 黒:1 白:1
減益	 赤:5 青:1 橙:1 灰:1 黒:1 白:1 緑:1
ＤＦ	 緑:3 茶:2 黒:2 青:1 赤:1 黄:1 白:1
形成	 茶:2 黄:2 黒:2 緑:2 橙:1 灰:1 白:1
けが	 赤:7 青:1 茶:1 灰:1 黒:1
治療	 白:4 青:3 橙:1 黄:1 灰:1 緑:1
検証	 灰:3 青:2 黒:2 白:2 橙:1 赤:1
雨	 青:5 灰:4 紫:1 桃:1
保安	 黄:2 黒:2 白:2 赤:1 緑:1 青:1 橙:1 灰:1
出馬	 白:5 橙:3 青:1 赤:1 黄:1
交通	 青:4 灰:3 緑:2 黄:1 白:1
男の子	 青:9 黒:1 白:1
方法	 白:4 青:3 赤:1 灰:1 桃:1 緑:1
山	 緑:10 灰:1
少数	 紫:2 白:2 緑:2 青:1 橙:1 茶:1 赤:1 黄:1
海岸	 青:7 白:2 黒:1 灰:1
住民	 黒:3 白:2 緑:2 青:1 茶:1 赤:1 桃:1
急激	 赤:7 黄:2 紫:1 橙:1
私鉄	 緑:4 赤:3 青:2 茶:1 黒:1
重圧	 黒:7 灰:3 赤:1
作戦	 青:3 赤:3 緑:2 紫:1 黄:1 黒:1
全体	 白:4 黒:3 橙:2 茶:1 緑:1
リード	 青:3 赤:2 白:2 橙:1 黄:1 桃:1 緑:1
屋	 茶:5 黒:2 紫:1 橙:1 灰:1 白:1
内蔵	 赤:3 桃:3 橙:2 茶:2 灰:1
テニス	 黄:5 白:3 緑:3
優先	 青:2 赤:2 灰:2 白:2 橙:1 黄:1 黒:1
初演	 白:4 灰:2 緑:2 赤:1 黄:1 桃:1
パス	 青:2 灰:2 白:2 緑:2 橙:1 黄:1 黒:1
おはぎ	 黒:5 茶:3 紫:1 桃:1 緑:1
中学生	 青:3 白:2 茶:1 橙:1 黄:1 黒:1 桃:1 緑:1
願望	 青:2 黄:2 桃:2 緑:2 橙:1 赤:1 灰:1
番組	 桃:2 黄:2 黒:2 赤:1 緑:1 橙:1 茶:1 灰:1
ランキング	 黄:4 赤:3 黒:2 橙:1 桃:1
会	 黒:4 青:2 灰:2 緑:2 白:1
安保	 赤:6 青:1 茶:1 灰:1 黒:1 緑:1
業界	 黒:3 青:2 茶:2 橙:1 灰:1 白:1 緑:1
会場	 黒:3 桃:2 白:2 青:1 赤:1 茶:1 黄:1
先頭	 白:4 緑:3 青:2 黒:1 灰:1
機材	 灰:5 黒:3 茶:1 黄:1 桃:1
子供	 桃:5 黄:3 赤:2 白:1
自転車	 青:3 灰:3 黒:2 赤:1 白:1 緑:1
ロープウエー	 青:4 緑:3 灰:2 茶:1 黒:1
案内	 青:2 赤:2 黄:2 緑:2 橙:1 桃:1 白:1
世界中	 青:5 黄:2 緑:2 灰:1 白:1
メーン	 青:2 赤:2 黄:2 白:2 黒:1 灰:1 緑:1
米	 白:11
下院	 灰:3 青:2 黒:2 黄:1 桃:1 白:1 緑:1
州	 緑:3 赤:2 灰:2 青:1 紫:1 橙:1 茶:1
地元	 赤:3 緑:3 茶:2 白:2 青:1
制	 青:4 黒:4 紫:1 赤:1 白:1
息子	 青:5 灰:2 橙:1 赤:1 黒:1 白:1
両方	 緑:3 紫:2 赤:1 青:1 茶:1 黄:1 灰:1 白:1
軍港	 灰:4 青:2 紫:2 黒:2 緑:1
若者	 青:6 緑:3 橙:1 黒:1
助成	 青:3 橙:3 黄:2 灰:2 赤:1
葬儀	 黒:5 灰:2 白:2 紫:1 赤:1
イメージ	 白:3 緑:3 青:2 紫:1 赤:1 黄:1
事故	 黒:4 灰:3 赤:2 青:1 黄:1
実験	 青:2 灰:2 白:2 緑:2 赤:1 橙:1 黄:1
赴任	 青:3 茶:2 黒:2 紫:1 橙:1 黄:1 緑:1
いかが	 白:3 赤:2 茶:2 灰:2 橙:1 黄:1
げいこ	 赤:4 桃:3 白:2 茶:1 緑:1
スタイル	 白:6 緑:2 紫:1 青:1 桃:1
北	 白:7 青:1 茶:1 黒:1 灰:1
通勤	 青:3 緑:3 黒:2 茶:1 灰:1 白:1
農業	 緑:7 茶:3 橙:1
劇	 赤:3 橙:2 紫:1 青:1 茶:1 黄:1 黒:1 白:1
天候	 青:8 橙:1 黄:1 灰:1
メニュー	 白:8 橙:1 黒:1 灰:1
症状	 茶:2 赤:2 灰:2 青:1 紫:1 黄:1 桃:1 白:1
けん制	 黄:4 青:3 灰:2 赤:1 黒:1
代理	 青:3 黄:2 灰:2 赤:1 茶:1 黒:1 白:1
掲載	 白:4 黒:2 青:1 赤:1 茶:1 橙:1 黄:1
執筆	 黒:7 白:2 橙:1 茶:1
行	 黒:4 青:3 白:3 茶:1
説	 紫:3 青:2 白:2 黄:1 灰:1 黒:1 緑:1
沖	 青:9 灰:1 白:1
解明	 白:4 青:2 黄:2 紫:1 橙:1 緑:1
路線	 緑:3 灰:2 紫:1 青:1 茶:1 黄:1 黒:1 白:1
"予防"	 黄:4 青:3 茶:1 赤:1 桃:1 白:1
司会	 黒:3 赤:2 白:2 青:1 茶:1 黄:1 灰:1
景気	 灰:3 青:2 橙:2 赤:1 黄:1 白:1 緑:1
自衛	 青:4 黄:2 灰:2 白:2 緑:1
切手	 白:4 黄:2 緑:2 茶:1 赤:1 灰:1
レベル	 黄:4 青:3 白:2 橙:1 赤:1
勝因	 赤:4 青:3 黄:3 白:1
感	 青:3 赤:2 桃:2 黄:1 灰:1 黒:1 白:1
受精	 白:5 橙:2 赤:1 黄:1 桃:1 緑:1
南北	 黄:2 黒:2 白:2 緑:2 茶:1 赤:1 灰:1
碁	 黒:8 白:2 橙:1
措置	 灰:4 茶:2 黒:2 白:2 紫:1
こと	 白:4 黒:3 灰:2 緑:2
学芸	 白:4 青:2 緑:2 紫:1 黄:1 灰:1
医薬	 白:5 黄:2 灰:2 青:1 橙:1
ユニーク	 黄:5 紫:2 桃:2 黒:1 灰:1
側面	 黄:3 灰:3 白:3 青:1 緑:1
賃金	 黄:5 青:1 茶:1 赤:1 黒:1 灰:1 緑:1
男	 青:7 黒:2 紫:1 茶:1
気象	 青:6 紫:1 茶:1 赤:1 黄:1 緑:1
上院	 白:6 紫:1 赤:1 茶:1 灰:1 黒:1
行事	 青:3 橙:2 黄:2 緑:2 灰:1 白:1
書記	 黒:3 青:2 緑:2 茶:1 黄:1 灰:1 白:1
死去	 灰:5 黒:4 白:2
逮捕	 黒:6 灰:4 茶:1
採択	 緑:4 白:3 青:2 赤:1 橙:1
総	 青:2 桃:2 白:2 緑:2 橙:1 赤:1 灰:1
突出	 赤:4 橙:2 黄:2 紫:1 青:1 白:1
間違い	 赤:4 黒:3 灰:2 茶:1 黄:1
あなた	 白:4 青:3 黄:2 紫:1 緑:1
必死	 赤:6 紫:2 黄:2 白:1
重量	 黒:3 茶:2 灰:2 青:1 赤:1 橙:1 緑:1
皇居	 紫:3 緑:3 青:1 橙:1 黄:1 灰:1 白:1
ひと言	 白:5 青:3 茶:1 黄:1 緑:1
融資	 黄:5 黒:2 灰:2 赤:1 緑:1
つながり	 橙:4 赤:2 黄:2 白:2 緑:1
見物	 黄:3 白:2 緑:2 橙:1 赤:1 黒:1 桃:1
条項	 黒:4 灰:3 青:2 橙:1 緑:1
格	 黒:3 赤:2 黄:2 灰:2 青:1 紫:1
同情	 青:3 白:3 桃:2 茶:1 黄:1 灰:1
刷新	 白:6 黒:3 青:1 橙:1
戦犯	 黒:4 赤:3 灰:2 橙:1 黄:1
貴重	 黄:4 紫:3 赤:2 橙:1 桃:1
放棄	 黒:5 灰:4 茶:2
議論	 灰:3 茶:2 黒:2 白:2 青:1 赤:1
新た	 白:5 緑:3 青:2 桃:1
試合	 白:3 青:2 緑:2 紫:1 茶:1 赤:1 黒:1
上場	 白:3 青:2 赤:2 緑:2 茶:1 桃:1
衛生	 白:7 青:3 赤:1
意味	 赤:2 黄:2 黒:2 灰:2 青:1 白:1 緑:1
子会社	 灰:3 青:2 黒:2 茶:1 黄:1 白:1 緑:1
都市	 灰:6 青:2 橙:1 黒:1 白:1
都道府県	 緑:4 茶:2 白:2 青:1 黒:1 灰:1
浄水	 青:5 白:4 緑:2
制圧	 黒:5 赤:3 青:1 灰:1 白:1
選定	 青:4 赤:1 緑:1 茶:1 橙:1 黄:1 黒:1 白:1
連盟	 紫:2 橙:2 黄:2 黒:2 青:1 灰:1 緑:1
びっくり	 赤:4 黄:4 紫:1 橙:1 白:1
本人	 白:4 黒:2 灰:2 青:1 橙:1 桃:1
リズム	 黄:4 青:2 白:2 赤:1 桃:1 黒:1
マスコミ	 黒:3 黄:2 灰:2 青:1 赤:1 茶:1 白:1
温度	 赤:2 橙:2 緑:2 紫:1 青:1 黄:1 桃:1 白:1
日記	 白:5 紫:1 茶:1 赤:1 黄:1 桃:1 黒:1
警戒	 赤:4 青:2 紫:2 茶:1 黄:1 黒:1
バッグ	 黒:7 茶:4
専属	 緑:4 青:3 黒:2 赤:1 白:1
興味	 青:2 紫:2 橙:2 桃:2 黄:1 黒:1 緑:1
株式	 緑:4 青:2 赤:1 橙:1 灰:1 黒:1 白:1
罰則	 黒:5 赤:3 灰:2 黄:1
半	 黄:4 青:2 茶:2 灰:1 桃:1 緑:1
交際	 桃:9 青:1 赤:1
質問	 青:2 赤:2 黄:2 灰:1 桃:1 黒:1 白:1 緑:1
音楽	 青:2 橙:2 白:2 紫:1 赤:1 桃:1 緑:1 黒:1
増益	 黒:4 黄:3 青:1 橙:1 赤:1 緑:1
空	 青:8 黒:2 紫:1
選択	 白:3 青:2 黄:2 紫:1 橙:1 黒:1 桃:1
接触	 赤:5 黒:2 紫:1 橙:1 桃:1 緑:1
議員	 黒:4 青:2 灰:2 黄:1 白:1 緑:1
体制	 黒:3 灰:3 青:2 白:2 黄:1
スプリント	 青:6 白:2 緑:2 黒:1
世代	 白:4 黒:2 紫:1 青:1 赤:1 黄:1 緑:1
電柱	 灰:8 黒:2 黄:1
全力	 赤:8 白:2 青:1
不満	 赤:3 黄:2 灰:2 紫:1 茶:1 黒:1 緑:1
個人	 白:7 青:2 紫:1 黄:1
手前	 白:4 橙:2 茶:2 青:1 紫:1 黄:1
気温	 赤:5 橙:2 青:1 黄:1 黒:1 白:1
扉	 茶:6 黄:2 青:1 灰:1 黒:1
棋院	 白:4 茶:2 黒:2 紫:1 灰:1 緑:1
結果	 黒:3 赤:2 緑:2 青:1 茶:1 黄:1 白:1
準備	 白:5 赤:2 橙:1 黄:1 黒:1 緑:1
統一	 緑:4 白:2 青:1 赤:1 橙:1 黄:1 灰:1
料理	 橙:3 白:2 紫:1 赤:1 茶:1 黄:1 黒:1 緑:1
姫	 桃:10 黄:1
通知	 白:5 黄:2 青:1 赤:1 黒:1 緑:1
在住	 黒:3 白:2 緑:2 紫:1 橙:1 茶:1 赤:1
スポーツ	 青:4 赤:4 緑:2 橙:1
うわさ	 灰:6 紫:3 青:1 赤:1
サミット	 緑:4 黄:2 青:1 紫:1 赤:1 茶:1 黒:1
